screen_date,factor_rank,symbol,factor_score,signal_entry_price,stop_loss,take_profit,timing_reason,already_held,queued_for_buy
2019-02-13,1,00728,0.0,4.4,4.148396928045495,4.903206143909013,"趋势 OK: 2019-02-01 金叉 (MA20=4.22 > MA80=4.02) | 动量 OK: RSI=64.5 (带 [32.0,76.0]) | 量能 OK: 量比=1.57 | M2结构OK: 收盘突破前20日最高收盘(含缓冲)",False,True
2019-02-20,1,00992,0.0,5.96,5.63206308735834,6.615873825283321,"趋势 OK: 2019-02-13 金叉 (MA20=5.78 > MA80=5.53) | 动量 OK: RSI=59.6 (带 [32.0,76.0]) | 量能 OK: 量比=1.66 | M2结构OK: 收盘突破前20日最高收盘(含缓冲)",False,True
2019-02-22,1,01288,0.0,3.78,3.644097273118515,4.051805453762969,"趋势 OK: 2019-02-15 金叉 (MA20=3.68 > MA80=3.53) | 动量 OK: RSI=67.6 (带 [32.8,75.6]) | 量能 OK: 量比=1.67 | M2结构OK: 收盘突破前20日最高收盘(含缓冲)",False,True
2019-02-25,1,03328,0.27728666686202785,6.7,6.476504636987921,7.146990726024158,"趋势 OK: 2019-02-18 金叉 (MA20=6.57 > MA80=6.15) | 动量 OK: RSI=66.6 (带 [33.3,75.3]) | 量能 OK: 量比=1.64 | M2结构OK: 收盘突破前20日最高收盘(含缓冲)",False,True
2019-02-25,2,01398,0.1723390245338273,6.16,5.935255943321818,6.609488113356365,"趋势 OK: 2019-02-18 金叉 (MA20=5.96 > MA80=5.63) | 动量 OK: RSI=69.3 (带 [32.7,75.6]) | 量能 OK: 量比=2.35 | M2结构OK: 收盘突破前20日最高收盘(含缓冲)",False,True
2019-02-25,3,03988,0.0034805234005741456,3.74,3.62762555827711,3.9647488834457807,"趋势 OK: 2019-02-18 金叉 (MA20=3.60 > MA80=3.43) | 动量 OK: RSI=74.1 (带 [34.0,75.0]) | 量能 OK: 量比=2.67 | M2结构OK: 收盘突破前20日最高收盘(含缓冲)",False,True
2019-02-25,4,00939,-0.08518763375441805,7.14,6.897347039866964,7.6253059202660705,"趋势 OK: 2019-02-18 金叉 (MA20=6.92 > MA80=6.60) | 动量 OK: RSI=68.5 (带 [33.2,75.4]) | 量能 OK: 量比=2.90 | M2结构OK: 收盘突破前20日最高收盘(含缓冲)",False,True
2019-02-25,5,01288,-0.08788568103985472,3.85,3.710947467895764,4.128105064208472,"趋势 OK: 2019-02-18 金叉 (MA20=3.69 > MA80=3.54) | 动量 OK: RSI=72.6 (带 [32.8,75.6]) | 量能 OK: 量比=2.37 | M2结构OK: 收盘突破前20日最高收盘(含缓冲)",True,False
2019-02-25,6,00998,-0.2800329000021565,5.28,5.089788193729178,5.660423612541645,"趋势 OK: 2019-02-18 金叉 (MA20=5.01 > MA80=4.89) | 动量 OK: RSI=72.4 (带 [32.8,75.6]) | 量能 OK: 量比=4.67 | M2结构OK: 收盘突破前20日最高收盘(含缓冲)",False,True
2019-02-26,1,01378,0.0,5.33,4.989076121182755,6.01184775763449,"趋势 OK: 2019-02-19 金叉 (MA20=5.07 > MA80=4.87) | 动量 OK: RSI=69.0 (带 [32.0,76.0]) | 量能 OK: 量比=3.37 | M2结构OK: 收盘突破前20日最高收盘(含缓冲)",False,True
2019-03-04,1,03328,0.1414213562373095,6.9,6.619331484242347,7.461337031515305,"趋势 OK: 2019-02-25 金叉 (MA20=6.62 > MA80=6.20) | 动量 OK: RSI=69.8 (带 [32.0,76.0]) | 量能 OK: 量比=3.73 | M2结构OK: 收盘突破前20日最高收盘(含缓冲)",True,False
2019-03-04,2,00998,-0.1414213562373095,5.32,5.088874962467811,5.782250075064379,"趋势 OK: 2019-02-25 金叉 (MA20=5.07 > MA80=4.91) | 动量 OK: RSI=67.5 (带 [32.0,76.0]) | 量能 OK: 量比=2.37 | M2结构OK: 收盘突破前20日最高收盘(含缓冲)",True,False
2019-03-05,1,00700,0.14142135623730953,361.4,344.42837605754045,395.343247884919,"趋势 OK: 2019-02-26 金叉 (MA20=344.00 > MA80=320.03) | 动量 OK: RSI=68.0 (带 [32.0,76.0]) | 量能 OK: 量比=2.16 | M2结构OK: 收盘突破前20日最高收盘(含缓冲)",False,True
2019-03-05,2,00998,-0.14142135623730953,5.31,5.073955322291538,5.7820893554169235,"趋势 OK: 2019-02-26 金叉 (MA20=5.08 > MA80=4.91) | 动量 OK: RSI=66.7 (带 [32.0,76.0]) | 量能 OK: 量比=1.79 | M2结构OK: 收盘突破前20日最高收盘(含缓冲)",True,False
2019-03-06,1,00700,0.0,362.0,344.69777776771616,396.6044444645677,"趋势 OK: 2019-02-27 金叉 (MA20=344.70 > MA80=320.91) | 动量 OK: RSI=68.3 (带 [32.0,76.0]) | 量能 OK: 量比=1.68 | M2结构OK: 收盘突破前20日最高收盘(含缓冲)",False,True
2019-03-15,1,00883,0.0,14.16,13.484981789660592,15.510036420678816,"趋势 OK: 2019-03-08 金叉 (MA20=13.64 > MA80=12.95) | 动量 OK: RSI=65.3 (带 [32.0,76.0]) | 量能 OK: 量比=1.51 | M2结构OK: 收盘突破前20日最高收盘(含缓冲)",False,True
2019-03-19,1,00857,0.0,5.36,5.155693580661772,5.7686128386764555,"趋势 OK: 2019-03-13 金叉 (MA20=5.20 > MA80=5.14) | 动量 OK: RSI=64.9 (带 [32.4,75.8]) | 量能 OK: 量比=1.65 | M2结构OK: 收盘突破前20日最高收盘(含缓冲)",False,True
2019-03-29,1,03968,0.0,38.15,35.97289887879437,42.50420224241127,"趋势 OK: 2019-03-22 金叉 (MA20=36.56 > MA80=33.24) | 动量 OK: RSI=64.1 (带 [32.0,76.0]) | 量能 OK: 量比=1.91 | M2结构OK: 收盘突破前20日最高收盘(含缓冲)",False,True
2019-04-03,1,00700,0.0,378.0,361.5915677206726,410.8168645586548,"趋势 OK: 2019-03-27 金叉 (MA20=360.68 > MA80=337.27) | 动量 OK: RSI=67.0 (带 [32.0,76.0]) | 量能 OK: 量比=1.58 | M2结构OK: 收盘突破前20日最高收盘(含缓冲)",False,True
2019-04-16,1,03988,0.15660140368480746,3.81,3.6911339684849716,4.047732063030057,"趋势 OK: 2019-04-09 金叉 (MA20=3.69 > MA80=3.57) | 动量 OK: RSI=64.7 (带 [33.8,75.1]) | 量能 OK: 量比=1.88 | M2结构OK: 收盘突破前20日最高收盘(含缓冲)",False,True
2019-04-16,2,00939,0.06869249620757732,7.18,6.943661661648013,7.6526766767039724,"趋势 OK: 2019-04-09 金叉 (MA20=6.92 > MA80=6.80) | 动量 OK: RSI=63.2 (带 [33.4,75.3]) | 量能 OK: 量比=2.26 | M2结构OK: 收盘突破前20日最高收盘(含缓冲)",False,True
2019-04-16,3,01398,-0.2252938998923849,6.03,5.826316882373075,6.437366235253849,"趋势 OK: 2019-04-09 金叉 (MA20=5.90 > MA80=5.84) | 动量 OK: RSI=59.1 (带 [33.2,75.4]) | 量能 OK: 量比=1.51 | M2结构OK: 收盘突破前20日最高收盘(含缓冲)",False,True
2019-04-17,1,00981,0.0,8.15,7.627986113630351,9.194027772739298,"趋势 OK: 2019-04-10 金叉 (MA20=7.91 > MA80=7.58) | 动量 OK: RSI=56.8 (带 [32.0,76.0]) | 量能 OK: 量比=2.03 | M2结构OK: 收盘突破前20日最高收盘(含缓冲)",False,True
2019-04-18,1,00981,0.0,8.37,7.828129962656754,9.45374007468649,"趋势 OK: 2019-04-11 金叉 (MA20=7.94 > MA80=7.59) | 动量 OK: RSI=62.9 (带 [32.0,76.0]) | 量能 OK: 量比=2.09 | M2结构OK: 收盘突破前20日最高收盘(含缓冲)",True,False
2019-04-23,1,01810,0.14142135623730953,12.2,11.454529867467686,13.690940265064626,"趋势 OK: 2019-04-12 金叉 (MA20=11.55 > MA80=11.36) | 动量 OK: RSI=60.5 (带 [32.0,76.0]) | 量能 OK: 量比=3.23 | M2结构OK: 收盘突破前20日最高收盘(含缓冲)",False,True
2019-04-23,2,02628,-0.14142135623730953,22.25,20.97385731079332,24.802285378413355,"趋势 OK: 2019-04-12 金叉 (MA20=21.34 > MA80=19.88) | 动量 OK: RSI=62.1 (带 [32.0,76.0]) | 量能 OK: 量比=1.95 | M2结构OK: 收盘突破前20日最高收盘(含缓冲)",False,True
2019-05-10,1,03690,0.0,58.95,54.73396032366979,67.38207935266043,"趋势 OK: 2019-05-03 金叉 (MA20=55.94 > MA80=53.71) | 动量 OK: RSI=63.8 (带 [32.0,76.0]) | 量能 OK: 量比=1.88 | M2结构OK: 收盘突破前20日最高收盘(含缓冲)",False,True
2019-06-20,1,03690,0.0,62.7,58.70591187702916,70.68817624594169,"趋势 OK: 2019-06-13 金叉 (MA20=60.65 > MA80=57.02) | 动量 OK: RSI=63.0 (带 [32.0,76.0]) | 量能 OK: 量比=1.74 | M2结构OK: 收盘突破前20日最高收盘(含缓冲)",True,False
2019-06-21,1,03690,0.0,64.3,60.19834674295564,72.5033065140887,"趋势 OK: 2019-06-14 金叉 (MA20=60.96 > MA80=57.09) | 动量 OK: RSI=68.2 (带 [32.0,76.0]) | 量能 OK: 量比=5.34 | M2结构OK: 收盘突破前20日最高收盘(含缓冲)",True,False
2019-11-07,1,01288,0.0,3.33,3.22668389653276,3.5366322069344807,"趋势 OK: 2019-10-31 金叉 (MA20=3.23 > MA80=3.12) | 动量 OK: RSI=72.3 (带 [33.8,75.1]) | 量能 OK: 量比=1.63 | M2结构OK: 收盘突破前20日最高收盘(含缓冲)",False,True
2019-12-13,1,01288,0.18166845446681718,3.29,3.193834805909483,3.4823303881810346,"趋势 OK: 2019-12-06 金叉 (MA20=3.21 > MA80=3.15) | 动量 OK: RSI=62.9 (带 [34.2,74.9]) | 量能 OK: 量比=1.77 | M2结构OK: 收盘突破前20日最高收盘(含缓冲)",False,True
2019-12-13,2,03968,0.032646254984343114,39.35,37.76800965613807,42.51398068772386,"趋势 OK: 2019-12-06 金叉 (MA20=37.94 > MA80=37.73) | 动量 OK: RSI=61.4 (带 [32.0,76.0]) | 量能 OK: 量比=2.09 | M2结构OK: 收盘突破前20日最高收盘(含缓冲)",False,True
2019-12-13,3,03988,-0.2143147094511603,3.26,3.16445450560521,3.45109098878958,"趋势 OK: 2019-12-06 金叉 (MA20=3.18 > MA80=3.14) | 动量 OK: RSI=61.6 (带 [34.1,74.9]) | 量能 OK: 量比=1.74 | M2结构OK: 收盘突破前20日最高收盘(含缓冲)",False,True
2019-12-17,1,03968,0.1414213562373095,40.05,38.37216138718027,43.405677225639444,"趋势 OK: 2019-12-10 金叉 (MA20=37.98 > MA80=37.79) | 动量 OK: RSI=63.9 (带 [32.0,76.0]) | 量能 OK: 量比=2.06 | M2结构OK: 收盘突破前20日最高收盘(含缓冲)",True,False
2019-12-17,2,01288,-0.1414213562373095,3.34,3.236163684687258,3.5476726306254838,"趋势 OK: 2019-12-10 金叉 (MA20=3.22 > MA80=3.16) | 动量 OK: RSI=66.9 (带 [33.8,75.1]) | 量能 OK: 量比=2.07 | M2结构OK: 收盘突破前20日最高收盘(含缓冲)",True,False
2019-12-18,1,01398,0.14142135623730953,5.93,5.739460170688186,6.311079658623628,"趋势 OK: 2019-12-11 金叉 (MA20=5.66 > MA80=5.46) | 动量 OK: RSI=66.5 (带 [33.6,75.2]) | 量能 OK: 量比=1.66 | M2结构OK: 收盘突破前20日最高收盘(含缓冲)",False,True
2019-12-18,2,01288,-0.14142135623730953,3.39,3.280723421495311,3.608553157009378,"趋势 OK: 2019-12-11 金叉 (MA20=3.23 > MA80=3.17) | 动量 OK: RSI=71.2 (带 [33.6,75.2]) | 量能 OK: 量比=2.24 | M2结构OK: 收盘突破前20日最高收盘(含缓冲)",True,False
2019-12-19,1,01288,0.0,3.39,3.2828146056742176,3.6043707886515652,"趋势 OK: 2019-12-12 金叉 (MA20=3.24 > MA80=3.17) | 动量 OK: RSI=71.2 (带 [33.7,75.2]) | 量能 OK: 量比=1.57 | M2结构OK: 收盘突破前20日最高收盘(含缓冲)",True,False
2020-01-02,1,03968,0.0,41.25,39.65739385531891,44.43521228936219,"趋势 OK: 2019-12-23 金叉 (MA20=39.05 > MA80=38.26) | 动量 OK: RSI=66.5 (带 [32.3,75.9]) | 量能 OK: 量比=1.57 | M2结构OK: 收盘突破前20日最高收盘(含缓冲)",True,False
2020-01-03,1,00175,0.0,15.76,14.921690970123743,17.436618059752515,"趋势 OK: 2019-12-24 金叉 (MA20=15.12 > MA80=14.42) | 动量 OK: RSI=63.2 (带 [32.0,76.0]) | 量能 OK: 量比=2.33 | M2结构OK: 收盘突破前20日最高收盘(含缓冲)",False,True
2020-01-07,1,02628,0.0,22.25,21.25660209774906,24.236795804501885,"趋势 OK: 2019-12-30 金叉 (MA20=21.26 > MA80=20.02) | 动量 OK: RSI=67.8 (带 [32.0,76.0]) | 量能 OK: 量比=1.59 | M2结构OK: 收盘突破前20日最高收盘(含缓冲)",False,True
2020-01-13,1,00939,0.1414213562373095,6.8,6.601684445088491,7.196631109823017,"趋势 OK: 2020-01-06 金叉 (MA20=6.65 > MA80=6.33) | 动量 OK: RSI=63.9 (带 [34.2,74.9]) | 量能 OK: 量比=1.72 | M2结构OK: 收盘突破前20日最高收盘(含缓冲)",False,True
2020-01-13,2,02318,-0.1414213562373095,95.6,92.82029509067429,101.1594098186514,"趋势 OK: 2020-01-08 金叉 (MA20=92.75 > MA80=91.97) | 动量 OK: RSI=65.1 (带 [34.2,74.9]) | 量能 OK: 量比=1.76 | M2结构OK: 收盘突破前20日最高收盘(含缓冲)",False,True
2020-01-14,1,02318,0.0,96.5,93.6545597270547,102.1908805458906,"趋势 OK: 2020-01-08 金叉 (MA20=93.01 > MA80=92.01) | 动量 OK: RSI=67.9 (带 [34.1,74.9]) | 量能 OK: 量比=1.63 | M2结构OK: 收盘突破前20日最高收盘(含缓冲)",True,False
2020-01-20,1,06160,0.1414213562373095,106.2,100.23630928350698,118.12738143298603,"趋势 OK: 2020-01-13 金叉 (MA20=100.70 > MA80=99.57) | 动量 OK: RSI=57.8 (带 [32.0,76.0]) | 量能 OK: 量比=2.13 | M2结构OK: 收盘突破前20日最高收盘(含缓冲)",False,True
2020-01-20,2,00941,-0.1414213562373095,68.65,66.06900104627064,73.81199790745875,"趋势 OK: 2020-01-13 金叉 (MA20=65.00 > MA80=63.57) | 动量 OK: RSI=75.7 (带 [32.5,75.8]) | 量能 OK: 量比=2.19 | M2结构OK: 收盘突破前20日最高收盘(含缓冲)",False,True
2020-01-22,1,00941,0.0,69.4,66.54291416744763,75.11417166510473,"趋势 OK: 2020-01-15 金叉 (MA20=65.49 > MA80=63.65) | 动量 OK: RSI=70.5 (带 [32.0,76.0]) | 量能 OK: 量比=1.60 | M2结构OK: 收盘突破前20日最高收盘(含缓冲)",True,False
2020-06-23,1,09988,0.0,220.0,208.4181433419342,243.16371331613155,"趋势 OK: 2020-06-16 金叉 (MA20=209.69 > MA80=198.00) | 动量 OK: RSI=61.7 (带 [32.0,76.0]) | 量能 OK: 量比=1.55 | M2结构OK: 收盘突破前20日最高收盘(含缓冲)",False,True
2020-07-02,1,03328,0.0,5.01,4.794832297867067,5.440335404265864,"趋势 OK: 2020-06-23 金叉 (MA20=4.84 > MA80=4.77) | 动量 OK: RSI=65.0 (带 [32.0,76.0]) | 量能 OK: 量比=2.62 | M2结构OK: 收盘突破前20日最高收盘(含缓冲)",False,True
2020-07-06,1,09988,0.14142135623730953,225.4,213.8530638901805,248.49387221963903,"趋势 OK: 2020-06-26 金叉 (MA20=215.04 > MA80=199.12) | 动量 OK: RSI=63.1 (带 [32.0,76.0]) | 量能 OK: 量比=1.55 | M2结构OK: 收盘突破前20日最高收盘(含缓冲)",True,False
2020-07-06,2,00939,-0.14142135623730953,6.52,6.2271554241022935,7.105689151795411,"趋势 OK: 2020-06-26 金叉 (MA20=6.25 > MA80=6.20) | 动量 OK: RSI=62.3 (带 [32.0,76.0]) | 量能 OK: 量比=2.46 | M2结构OK: 收盘突破前20日最高收盘(含缓冲)",False,True
2020-07-07,1,00939,0.0,6.56,6.2637871795235585,7.152425640952882,"趋势 OK: 2020-06-29 金叉 (MA20=6.26 > MA80=6.21) | 动量 OK: RSI=63.5 (带 [32.0,76.0]) | 量能 OK: 量比=1.94 | M2结构OK: 收盘突破前20日最高收盘(含缓冲)",True,False
2020-08-11,1,03968,0.0,38.9,36.4413804988761,43.8172390022478,"趋势 OK: 2020-08-04 金叉 (MA20=37.35 > MA80=36.95) | 动量 OK: RSI=59.2 (带 [32.0,76.0]) | 量能 OK: 量比=1.89 | M2结构OK: 收盘突破前20日最高收盘(含缓冲)",False,True
2020-08-26,1,01093,0.0,16.64,15.511013033894145,18.897973932211713,"趋势 OK: 2020-08-19 金叉 (MA20=15.89 > MA80=15.56) | 动量 OK: RSI=62.7 (带 [32.0,76.0]) | 量能 OK: 量比=2.35 | M2结构OK: 收盘突破前20日最高收盘(含缓冲)",False,True
2020-10-15,1,01088,0.0,13.96,13.306324377098907,15.26735124580219,"趋势 OK: 2020-10-07 金叉 (MA20=13.68 > MA80=13.19) | 动量 OK: RSI=60.0 (带 [32.0,76.0]) | 量能 OK: 量比=1.52 | M2结构OK: 收盘突破前20日最高收盘(含缓冲)",False,True
2020-11-04,1,09618,0.0,330.0,312.60034697350727,364.79930605298546,"趋势 OK: 2020-10-28 金叉 (MA20=316.16 > MA80=284.22) | 动量 OK: RSI=65.9 (带 [32.0,76.0]) | 量能 OK: 量比=2.27 | M2结构OK: 收盘突破前20日最高收盘(含缓冲)",False,True
2020-11-10,1,01088,0.0,14.3,13.61562463692115,15.668750726157702,"趋势 OK: 2020-11-03 金叉 (MA20=13.80 > MA80=13.35) | 动量 OK: RSI=63.3 (带 [32.0,76.0]) | 量能 OK: 量比=1.60 | M2结构OK: 收盘突破前20日最高收盘(含缓冲)",False,True
2020-11-25,1,02318,0.0,89.4,85.71574522166891,96.76850955666221,"趋势 OK: 2020-11-18 金叉 (MA20=84.86 > MA80=83.01) | 动量 OK: RSI=66.8 (带 [32.0,76.0]) | 量能 OK: 量比=1.54 | M2结构OK: 收盘突破前20日最高收盘(含缓冲)",False,True
2020-11-27,1,03328,0.0,4.35,4.133640058346379,4.782719883307242,"趋势 OK: 2020-11-20 金叉 (MA20=4.16 > MA80=4.04) | 动量 OK: RSI=65.6 (带 [32.0,76.0]) | 量能 OK: 量比=1.53 | M2结构OK: 收盘突破前20日最高收盘(含缓冲)",False,True
2020-11-30,1,01398,0.0,4.92,4.6310870654305365,5.497825869138928,"趋势 OK: 2020-11-23 金叉 (MA20=4.68 > MA80=4.46) | 动量 OK: RSI=65.3 (带 [32.0,76.0]) | 量能 OK: 量比=3.10 | M2结构OK: 收盘突破前20日最高收盘(含缓冲)",False,True
2021-01-08,1,01288,0.0,2.89,2.739598821574229,3.190802356851542,"趋势 OK: 2020-12-31 金叉 (MA20=2.81 > MA80=2.73) | 动量 OK: RSI=57.5 (带 [32.0,76.0]) | 量能 OK: 量比=1.61 | M2结构OK: 收盘突破前20日最高收盘(含缓冲)",False,True
2021-01-11,1,03328,0.22203395881512542,4.28,4.078968917692988,4.682062164614025,"趋势 OK: 2021-01-04 金叉 (MA20=4.14 > MA80=4.04) | 动量 OK: RSI=60.2 (带 [32.0,76.0]) | 量能 OK: 量比=1.59 | M2结构OK: 收盘突破前20日最高收盘(含缓冲)",False,True
2021-01-11,2,03988,-0.056010699314627904,2.7,2.5984611941810654,2.9030776116378703,"趋势 OK: 2021-01-04 金叉 (MA20=2.63 > MA80=2.60) | 动量 OK: RSI=58.7 (带 [32.5,75.8]) | 量能 OK: 量比=1.57 | M2结构OK: 收盘突破前20日最高收盘(含缓冲)",False,True
2021-01-11,3,00998,-0.16602325950049754,3.39,3.237781390446643,3.694437219106714,"趋势 OK: 2021-01-04 金叉 (MA20=3.28 > MA80=3.25) | 动量 OK: RSI=59.5 (带 [32.0,76.0]) | 量能 OK: 量比=1.63 | M2结构OK: 收盘突破前20日最高收盘(含缓冲)",False,True
2021-01-12,1,01288,0.0,2.95,2.7984806165614526,3.2530387668770953,"趋势 OK: 2021-01-05 金叉 (MA20=2.82 > MA80=2.74) | 动量 OK: RSI=63.1 (带 [32.0,76.0]) | 量能 OK: 量比=1.60 | M2结构OK: 收盘突破前20日最高收盘(含缓冲)",True,False
2021-01-15,1,00939,0.11958225029878067,6.18,5.897671873344372,6.7446562533112555,"趋势 OK: 2021-01-08 金叉 (MA20=5.86 > MA80=5.69) | 动量 OK: RSI=65.9 (带 [32.0,76.0]) | 量能 OK: 量比=1.73 | M2结构OK: 收盘突破前20日最高收盘(含缓冲)",False,True
2021-01-15,2,01288,0.11130844837465402,3.0,2.850084516977227,3.299830966045546,"趋势 OK: 2021-01-08 金叉 (MA20=2.85 > MA80=2.76) | 动量 OK: RSI=67.7 (带 [32.0,76.0]) | 量能 OK: 量比=1.75 | M2结构OK: 收盘突破前20日最高收盘(含缓冲)",True,False
2021-01-15,3,00998,-0.2308906986734346,3.5,3.3474751221508376,3.805049755698325,"趋势 OK: 2021-01-08 金叉 (MA20=3.31 > MA80=3.27) | 动量 OK: RSI=67.3 (带 [32.0,76.0]) | 量能 OK: 量比=2.42 | M2结构OK: 收盘突破前20日最高收盘(含缓冲)",True,False
2021-01-19,1,03328,0.1414213562373095,4.44,4.248847220152845,4.8223055596943105,"趋势 OK: 2021-01-12 金叉 (MA20=4.19 > MA80=4.07) | 动量 OK: RSI=70.1 (带 [32.0,76.0]) | 量能 OK: 量比=2.11 | M2结构OK: 收盘突破前20日最高收盘(含缓冲)",True,False
2021-01-19,2,03988,-0.1414213562373095,2.77,2.6732745308906036,2.9634509382187924,"趋势 OK: 2021-01-12 金叉 (MA20=2.66 > MA80=2.61) | 动量 OK: RSI=67.2 (带 [33.0,75.5]) | 量能 OK: 量比=2.31 | M2结构OK: 收盘突破前20日最高收盘(含缓冲)",True,False
2021-01-20,1,03988,0.0,2.78,2.6844692072555603,2.9710615854888784,"趋势 OK: 2021-01-13 金叉 (MA20=2.67 > MA80=2.62) | 动量 OK: RSI=68.3 (带 [33.1,75.4]) | 量能 OK: 量比=1.64 | M2结构OK: 收盘突破前20日最高收盘(含缓冲)",True,False
2021-02-09,1,09987,0.0,463.0,439.39867532863525,510.2026493427295,"趋势 OK: 2021-02-02 金叉 (MA20=450.88 > MA80=445.07) | 动量 OK: RSI=56.9 (带 [32.0,76.0]) | 量能 OK: 量比=1.92 | M2结构OK: 收盘突破前20日最高收盘(含缓冲)",False,True
2021-02-17,1,03328,0.0,4.55,4.345565543827,4.9588689123459995,"趋势 OK: 2021-02-08 金叉 (MA20=4.32 > MA80=4.19) | 动量 OK: RSI=70.3 (带 [32.0,76.0]) | 量能 OK: 量比=2.12 | M2结构OK: 收盘突破前20日最高收盘(含缓冲)",False,True
2021-02-18,1,00941,0.1414213562373095,50.5,47.14961160753018,57.200776784939634,"趋势 OK: 2021-02-09 金叉 (MA20=47.80 > MA80=47.10) | 动量 OK: RSI=64.5 (带 [32.0,76.0]) | 量能 OK: 量比=2.34 | M2结构OK: 收盘突破前20日最高收盘(含缓冲)",False,True
2021-02-18,2,00267,-0.1414213562373095,6.41,6.068347246103031,7.093305507793938,"趋势 OK: 2021-02-09 金叉 (MA20=6.17 > MA80=5.92) | 动量 OK: RSI=69.4 (带 [32.0,76.0]) | 量能 OK: 量比=1.68 | M2结构OK: 收盘突破前20日最高收盘(含缓冲)",False,True
2021-02-23,1,01398,0.0,5.27,5.006719603381136,5.7965607932377265,"趋势 OK: 2021-02-16 金叉 (MA20=4.99 > MA80=4.84) | 动量 OK: RSI=65.5 (带 [32.0,76.0]) | 量能 OK: 量比=1.77 | M2结构OK: 收盘突破前20日最高收盘(含缓冲)",False,True
2021-02-25,1,00998,0.0,3.8,3.601120641577454,4.197758716845091,"趋势 OK: 2021-02-18 金叉 (MA20=3.62 > MA80=3.43) | 动量 OK: RSI=64.0 (带 [32.0,76.0]) | 量能 OK: 量比=2.09 | M2结构OK: 收盘突破前20日最高收盘(含缓冲)",False,True
2021-03-03,1,01398,0.14142135623730953,5.28,4.985442703518052,5.869114592963896,"趋势 OK: 2021-02-24 金叉 (MA20=5.03 > MA80=4.89) | 动量 OK: RSI=60.3 (带 [32.0,76.0]) | 量能 OK: 量比=1.53 | M2结构OK: 收盘突破前20日最高收盘(含缓冲)",False,True
2021-03-03,2,00939,-0.14142135623730953,6.4,6.070086799189193,7.059826401621614,"趋势 OK: 2021-02-24 金叉 (MA20=6.15 > MA80=6.00) | 动量 OK: RSI=59.8 (带 [32.0,76.0]) | 量能 OK: 量比=1.65 | M2结构OK: 收盘突破前20日最高收盘(含缓冲)",False,True
2021-03-05,1,00939,0.1414213562373095,6.49,6.152778923790682,7.164442152418637,"趋势 OK: 2021-02-26 金叉 (MA20=6.20 > MA80=6.01) | 动量 OK: RSI=62.3 (带 [32.0,76.0]) | 量能 OK: 量比=1.70 | M2结构OK: 收盘突破前20日最高收盘(含缓冲)",True,False
2021-03-05,2,03988,-0.1414213562373095,2.84,2.726813851959937,3.0663722960801256,"趋势 OK: 2021-02-26 金叉 (MA20=2.72 > MA80=2.69) | 动量 OK: RSI=64.1 (带 [32.0,76.0]) | 量能 OK: 量比=1.85 | M2结构OK: 收盘突破前20日最高收盘(含缓冲)",False,True
2021-03-08,1,03988,0.0,2.88,2.766327148248513,3.1073457035029737,"趋势 OK: 2021-03-01 金叉 (MA20=2.73 > MA80=2.70) | 动量 OK: RSI=67.3 (带 [32.1,75.9]) | 量能 OK: 量比=1.67 | M2结构OK: 收盘突破前20日最高收盘(含缓冲)",True,False
2021-03-09,1,00267,0.1414213562373095,6.78,6.364934288671753,7.610131422656494,"趋势 OK: 2021-03-02 金叉 (MA20=6.48 > MA80=6.04) | 动量 OK: RSI=65.4 (带 [32.0,76.0]) | 量能 OK: 量比=1.54 | M2结构OK: 收盘突破前20日最高收盘(含缓冲)",True,False
2021-03-09,2,03988,-0.1414213562373095,2.89,2.7701609233736195,3.1296781532527618,"趋势 OK: 2021-03-02 金叉 (MA20=2.75 > MA80=2.70) | 动量 OK: RSI=68.1 (带 [32.0,76.0]) | 量能 OK: 量比=1.58 | M2结构OK: 收盘突破前20日最高收盘(含缓冲)",True,False
2021-03-25,1,02328,0.0,6.68,6.268683086785149,7.502633826429701,"趋势 OK: 2021-03-18 金叉 (MA20=6.32 > MA80=6.07) | 动量 OK: RSI=63.7 (带 [32.0,76.0]) | 量能 OK: 量比=1.77 | M2结构OK: 收盘突破前20日最高收盘(含缓冲)",False,True
2021-04-23,1,01093,0.0,9.92,9.245471628063815,11.26905674387237,"趋势 OK: 2021-04-16 金叉 (MA20=9.43 > MA80=8.69) | 动量 OK: RSI=62.4 (带 [32.0,76.0]) | 量能 OK: 量比=1.73 | M2结构OK: 收盘突破前20日最高收盘(含缓冲)",False,True
2021-04-28,1,00728,0.0,2.74,2.5708822321853924,3.078235535629216,"趋势 OK: 2021-04-21 金叉 (MA20=2.69 > MA80=2.48) | 动量 OK: RSI=58.0 (带 [32.0,76.0]) | 量能 OK: 量比=1.79 | M2结构OK: 收盘突破前20日最高收盘(含缓冲)",False,True
2021-05-04,1,00857,0.0,2.92,2.7585007636712477,3.2429984726575047,"趋势 OK: 2021-04-27 金叉 (MA20=2.77 > MA80=2.71) | 动量 OK: RSI=63.6 (带 [32.0,76.0]) | 量能 OK: 量比=1.87 | M2结构OK: 收盘突破前20日最高收盘(含缓冲)",False,True
2021-05-06,1,01088,0.0,16.98,16.2523044731594,18.4353910536812,"趋势 OK: 2021-04-29 金叉 (MA20=16.36 > MA80=15.28) | 动量 OK: RSI=67.6 (带 [32.0,76.0]) | 量能 OK: 量比=2.02 | M2结构OK: 收盘突破前20日最高收盘(含缓冲)",False,True
2021-05-07,1,01088,0.14142135623730953,17.2,16.464282725076586,18.67143454984683,"趋势 OK: 2021-04-30 金叉 (MA20=16.42 > MA80=15.31) | 动量 OK: RSI=70.2 (带 [32.0,76.0]) | 量能 OK: 量比=1.74 | M2结构OK: 收盘突破前20日最高收盘(含缓冲)",True,False
2021-05-07,2,03328,-0.14142135623730953,5.14,4.967197840751995,5.4856043184960095,"趋势 OK: 2021-04-30 金叉 (MA20=5.02 > MA80=4.63) | 动量 OK: RSI=64.2 (带 [33.3,75.4]) | 量能 OK: 量比=1.68 | M2结构OK: 收盘突破前20日最高收盘(含缓冲)",False,True
2021-05-20,1,09987,0.0,502.0,480.56729101797697,544.8654179640461,"趋势 OK: 2021-05-12 金叉 (MA20=479.88 > MA80=469.78) | 动量 OK: RSI=65.2 (带 [32.0,76.0]) | 量能 OK: 量比=1.54 | M2结构OK: 收盘突破前20日最高收盘(含缓冲)",False,True
2021-05-26,1,03988,0.0,3.16,3.0866996918014973,3.3066006163970063,"趋势 OK: 2021-05-18 金叉 (MA20=3.12 > MA80=2.93) | 动量 OK: RSI=62.0 (带 [35.4,74.3]) | 量能 OK: 量比=1.94 | M2结构OK: 收盘突破前20日最高收盘(含缓冲)",False,True
2021-06-03,1,00267,0.0,9.21,8.727203492210313,10.175593015579375,"趋势 OK: 2021-05-27 金叉 (MA20=8.83 > MA80=7.51) | 动量 OK: RSI=68.9 (带 [32.0,76.0]) | 量能 OK: 量比=1.86 | M2结构OK: 收盘突破前20日最高收盘(含缓冲)",False,True
2022-12-28,1,03328,0.0,4.62,4.404375768727883,5.051248462544233,"趋势 OK: 2022-12-19 金叉 (MA20=4.40 > MA80=4.24) | 动量 OK: RSI=65.5 (带 [32.0,76.0]) | 量能 OK: 量比=1.78 | M2结构OK: 收盘突破前20日最高收盘(含缓冲)",False,True
2023-01-04,1,00941,0.0,53.55,51.63005584201929,57.389888315961414,"趋势 OK: 2022-12-23 金叉 (MA20=51.79 > MA80=50.48) | 动量 OK: RSI=67.2 (带 [32.8,75.6]) | 量能 OK: 量比=1.52 | M2结构OK: 收盘突破前20日最高收盘(含缓冲)",False,True
2023-01-05,1,02899,0.0,11.34,10.53552982107451,12.94894035785098,"趋势 OK: 2022-12-28 金叉 (MA20=10.77 > MA80=9.20) | 动量 OK: RSI=63.5 (带 [32.0,76.0]) | 量能 OK: 量比=1.59 | M2结构OK: 收盘突破前20日最高收盘(含缓冲)",False,True
2023-01-10,1,01398,0.0,4.14,3.9788382652498395,4.46232346950032,"趋势 OK: 2023-01-03 金叉 (MA20=3.95 > MA80=3.77) | 动量 OK: RSI=72.6 (带 [32.2,75.9]) | 量能 OK: 量比=2.11 | M2结构OK: 收盘突破前20日最高收盘(含缓冲)",False,True
2023-01-11,1,00386,0.18279651792831456,3.88,3.7431603613318583,4.153679277336283,"趋势 OK: 2023-01-04 金叉 (MA20=3.77 > MA80=3.52) | 动量 OK: RSI=68.2 (带 [32.9,75.5]) | 量能 OK: 量比=1.89 | M2结构OK: 收盘突破前20日最高收盘(含缓冲)",False,True
2023-01-11,2,01398,0.03082724890945538,4.14,3.9817783891605654,4.456443221678868,"趋势 OK: 2023-01-04 金叉 (MA20=3.96 > MA80=3.77) | 动量 OK: RSI=72.6 (带 [32.4,75.8]) | 量能 OK: 量比=1.56 | M2结构OK: 收盘突破前20日最高收盘(含缓冲)",True,False
2023-01-11,3,00857,-0.21362376683776985,3.61,3.4497753350186824,3.930449329962635,"趋势 OK: 2023-01-04 金叉 (MA20=3.55 > MA80=3.40) | 动量 OK: RSI=59.3 (带 [32.0,76.0]) | 量能 OK: 量比=1.57 | M2结构OK: 收盘突破前20日最高收盘(含缓冲)",False,True
2023-01-12,1,00998,0.12202023797797756,3.63,3.514273996373748,3.861452007252503,"趋势 OK: 2023-01-05 金叉 (MA20=3.49 > MA80=3.27) | 动量 OK: RSI=72.1 (带 [33.6,75.2]) | 量能 OK: 量比=1.55 | M2结构OK: 收盘突破前20日最高收盘(含缓冲)",False,True
2023-01-12,2,00386,0.10879357986014807,3.95,3.810077478379583,4.229845043240834,"趋势 OK: 2023-01-05 金叉 (MA20=3.78 > MA80=3.52) | 动量 OK: RSI=72.8 (带 [32.9,75.5]) | 量能 OK: 量比=1.69 | M2结构OK: 收盘突破前20日最高收盘(含缓冲)",True,False
2023-01-12,3,00857,-0.23081381783812535,3.75,3.5755056682316337,4.0989886635367325,"趋势 OK: 2023-01-05 金叉 (MA20=3.57 > MA80=3.40) | 动量 OK: RSI=70.0 (带 [32.0,76.0]) | 量能 OK: 量比=3.17 | M2结构OK: 收盘突破前20日最高收盘(含缓冲)",True,False
2023-01-13,1,00941,0.1414213562373095,55.5,53.547709797825306,59.40458040434939,"趋势 OK: 2023-01-06 金叉 (MA20=52.50 > MA80=50.70) | 动量 OK: RSI=75.0 (带 [33.0,75.5]) | 量能 OK: 量比=1.55 | M2结构OK: 收盘突破前20日最高收盘(含缓冲)",True,False
2023-01-13,2,00883,-0.1414213562373095,10.46,10.054896977195467,11.27020604560907,"趋势 OK: 2023-01-10 金叉 (MA20=10.01 > MA80=9.95) | 动量 OK: RSI=68.6 (带 [32.3,75.9]) | 量能 OK: 量比=1.68 | M2结构OK: 收盘突破前20日最高收盘(含缓冲)",False,True
2023-01-16,1,00883,0.0,10.5,10.07526147882436,11.349477042351278,"趋势 OK: 2023-01-10 金叉 (MA20=10.03 > MA80=9.96) | 动量 OK: RSI=69.7 (带 [32.0,76.0]) | 量能 OK: 量比=1.61 | M2结构OK: 收盘突破前20日最高收盘(含缓冲)",True,False
2023-02-08,1,00992,0.0,6.58,6.181093874001983,7.377812251996033,"趋势 OK: 2023-02-01 金叉 (MA20=6.30 > MA80=6.25) | 动量 OK: RSI=60.4 (带 [32.0,76.0]) | 量能 OK: 量比=2.07 | M2结构OK: 收盘突破前20日最高收盘(含缓冲)",False,True
2023-02-16,1,00728,0.1414213562373095,4.01,3.7294737116846877,4.571052576630624,"趋势 OK: 2023-02-09 金叉 (MA20=3.80 > MA80=3.23) | 动量 OK: RSI=73.2 (带 [32.0,76.0]) | 量能 OK: 量比=2.99 | M2结构OK: 收盘突破前20日最高收盘(含缓冲)",False,True
2023-02-16,2,00941,-0.1414213562373095,57.75,55.959864404155084,61.330271191689825,"趋势 OK: 2023-02-09 金叉 (MA20=56.40 > MA80=52.25) | 动量 OK: RSI=71.6 (带 [33.8,75.1]) | 量能 OK: 量比=2.20 | M2结构OK: 收盘突破前20日最高收盘(含缓冲)",True,False
2023-02-20,1,00728,0.14142135623730953,4.08,3.780974782013838,4.678050435972324,"趋势 OK: 2023-02-13 金叉 (MA20=3.85 > MA80=3.26) | 动量 OK: RSI=71.5 (带 [32.0,76.0]) | 量能 OK: 量比=1.83 | M2结构OK: 收盘突破前20日最高收盘(含缓冲)",True,False
2023-02-20,2,00941,-0.14142135623730953,59.1,57.1845259403174,62.93094811936521,"趋势 OK: 2023-02-13 金叉 (MA20=56.73 > MA80=52.46) | 动量 OK: RSI=75.2 (带 [33.5,75.2]) | 量能 OK: 量比=1.98 | M2结构OK: 收盘突破前20日最高收盘(含缓冲)",False,True
2023-03-01,1,00941,0.0,60.6,58.42988697352236,64.94022605295528,"趋势 OK: 2023-02-22 金叉 (MA20=57.56 > MA80=53.37) | 动量 OK: RSI=71.2 (带 [32.8,75.6]) | 量能 OK: 量比=2.25 | M2结构OK: 收盘突破前20日最高收盘(含缓冲)",True,False
2023-03-02,1,00941,0.0,61.0,58.670609332556474,65.65878133488705,"趋势 OK: 2023-02-23 金叉 (MA20=57.77 > MA80=53.53) | 动量 OK: RSI=72.5 (带 [32.4,75.8]) | 量能 OK: 量比=1.66 | M2结构OK: 收盘突破前20日最高收盘(含缓冲)",True,False
2023-03-03,1,00386,0.1414213562373095,4.35,4.165586788654947,4.718826422690105,"趋势 OK: 2023-02-24 金叉 (MA20=4.17 > MA80=3.85) | 动量 OK: RSI=65.6 (带 [32.0,76.0]) | 量能 OK: 量比=2.70 | M2结构OK: 收盘突破前20日最高收盘(含缓冲)",False,True
2023-03-03,2,00857,-0.1414213562373095,4.27,4.093653125201601,4.622693749596798,"趋势 OK: 2023-02-24 金叉 (MA20=4.13 > MA80=3.73) | 动量 OK: RSI=67.2 (带 [32.0,76.0]) | 量能 OK: 量比=2.26 | M2结构OK: 收盘突破前20日最高收盘(含缓冲)",False,True
2023-03-06,1,00857,0.1278861132453699,4.31,4.129106473401486,4.6717870531970265,"趋势 OK: 2023-02-27 金叉 (MA20=4.14 > MA80=3.75) | 动量 OK: RSI=69.4 (带 [32.0,76.0]) | 量能 OK: 量比=1.61 | M2结构OK: 收盘突破前20日最高收盘(含缓冲)",True,False
2023-03-06,2,00883,0.10259179417210912,11.98,11.398883782646593,13.142232434706816,"趋势 OK: 2023-02-27 金叉 (MA20=11.42 > MA80=10.60) | 动量 OK: RSI=67.4 (带 [32.0,76.0]) | 量能 OK: 量比=2.06 | M2结构OK: 收盘突破前20日最高收盘(含缓冲)",False,True
2023-03-06,3,03988,-0.23047790741747898,3.0,2.92291289004525,3.1541742199094998,"趋势 OK: 2023-02-27 金叉 (MA20=2.94 > MA80=2.84) | 动量 OK: RSI=62.5 (带 [34.9,74.6]) | 量能 OK: 量比=1.52 | M2结构OK: 收盘突破前20日最高收盘(含缓冲)",False,True
2023-03-07,1,00267,0.3642145498749843,9.23,8.771637108639087,10.146725782721827,"趋势 OK: 2023-02-28 金叉 (MA20=9.00 > MA80=8.39) | 动量 OK: RSI=60.7 (带 [32.0,76.0]) | 量能 OK: 量比=1.76 | M2结构OK: 收盘突破前20日最高收盘(含缓冲)",False,True
2023-03-07,2,01288,0.05249930325520206,2.86,2.7660402151237498,3.0479195697525006,"趋势 OK: 2023-02-28 金叉 (MA20=2.78 > MA80=2.67) | 动量 OK: RSI=66.6 (带 [33.4,75.3]) | 量能 OK: 量比=2.46 | M2结构OK: 收盘突破前20日最高收盘(含缓冲)",False,True
2023-03-07,3,03988,0.020466244985120237,3.01,2.9269905407563037,3.176018918487392,"趋势 OK: 2023-02-28 金叉 (MA20=2.95 > MA80=2.84) | 动量 OK: RSI=64.1 (带 [34.5,74.8]) | 量能 OK: 量比=2.02 | M2结构OK: 收盘突破前20日最高收盘(含缓冲)",True,False
2023-03-07,4,01088,-0.132428401262143,25.05,23.928072016949617,27.293855966100768,"趋势 OK: 2023-02-28 金叉 (MA20=23.88 > MA80=23.37) | 动量 OK: RSI=67.7 (带 [32.0,76.0]) | 量能 OK: 量比=2.07 | M2结构OK: 收盘突破前20日最高收盘(含缓冲)",False,True
2023-03-07,5,01398,-0.14240996148658586,4.16,3.9931144899270397,4.493771020145921,"趋势 OK: 2023-02-28 金叉 (MA20=4.03 > MA80=3.96) | 动量 OK: RSI=62.2 (带 [32.0,76.0]) | 量能 OK: 量比=1.63 | M2结构OK: 收盘突破前20日最高收盘(含缓冲)",False,True
2023-03-07,6,00939,-0.16234173536657764,5.1,4.916476537798667,5.467046924402665,"趋势 OK: 2023-02-28 金叉 (MA20=4.96 > MA80=4.84) | 动量 OK: RSI=62.7 (带 [32.8,75.6]) | 量能 OK: 量比=2.39 | M2结构OK: 收盘突破前20日最高收盘(含缓冲)",False,False
2023-03-24,1,00998,0.0,3.86,3.7222801898588034,4.135439620282392,"趋势 OK: 2023-03-17 金叉 (MA20=3.72 > MA80=3.63) | 动量 OK: RSI=63.9 (带 [32.9,75.6]) | 量能 OK: 量比=1.90 | M2结构OK: 收盘突破前20日最高收盘(含缓冲)",False,True
2023-03-28,1,09633,0.0,45.85,43.96583433008627,49.61833133982747,"趋势 OK: 2023-03-21 金叉 (MA20=44.49 > MA80=44.02) | 动量 OK: RSI=64.5 (带 [32.0,76.0]) | 量能 OK: 量比=1.53 | M2结构OK: 收盘突破前20日最高收盘(含缓冲)",False,True
2023-03-29,1,01288,0.1414213562373095,2.93,2.816521608088364,3.156956783823272,"趋势 OK: 2023-03-22 金叉 (MA20=2.85 > MA80=2.75) | 动量 OK: RSI=62.7 (带 [32.3,75.9]) | 量能 OK: 量比=1.51 | M2结构OK: 收盘突破前20日最高收盘(含缓冲)",True,False
2023-03-29,2,09633,-0.1414213562373095,46.3,44.42898902079438,50.04202195841122,"趋势 OK: 2023-03-22 金叉 (MA20=44.58 > MA80=44.05) | 动量 OK: RSI=67.5 (带 [32.0,76.0]) | 量能 OK: 量比=1.88 | M2结构OK: 收盘突破前20日最高收盘(含缓冲)",True,False
2023-03-31,1,00998,0.0,3.95,3.819290768975064,4.211418462049872,"趋势 OK: 2023-03-24 金叉 (MA20=3.77 > MA80=3.66) | 动量 OK: RSI=68.7 (带 [33.4,75.3]) | 量能 OK: 量比=1.64 | M2结构OK: 收盘突破前20日最高收盘(含缓冲)",True,False
2023-04-11,1,01288,0.0,2.99,2.8878439915308713,3.194312016938258,"趋势 OK: 2023-03-30 金叉 (MA20=2.88 > MA80=2.78) | 动量 OK: RSI=67.4 (带 [33.2,75.4]) | 量能 OK: 量比=1.62 | M2结构OK: 收盘突破前20日最高收盘(含缓冲)",True,False
2023-04-17,1,00267,0.14142135623730953,9.68,9.247785544044303,10.54442891191139,"趋势 OK: 2023-04-06 金叉 (MA20=9.16 > MA80=8.84) | 动量 OK: RSI=69.5 (带 [32.0,76.0]) | 量能 OK: 量比=2.03 | M2结构OK: 收盘突破前20日最高收盘(含缓冲)",False,True
2023-04-17,2,00939,-0.14142135623730953,5.38,5.207152943855057,5.725694112289886,"趋势 OK: 2023-04-06 金叉 (MA20=5.12 > MA80=4.99) | 动量 OK: RSI=71.1 (带 [33.6,75.2]) | 量能 OK: 量比=1.86 | M2结构OK: 收盘突破前20日最高收盘(含缓冲)",False,True
2023-04-27,1,00267,0.0,9.95,9.463261282360829,10.92347743527834,"趋势 OK: 2023-04-20 金叉 (MA20=9.41 > MA80=9.01) | 动量 OK: RSI=69.0 (带 [32.0,76.0]) | 量能 OK: 量比=2.50 | M2结构OK: 收盘突破前20日最高收盘(含缓冲)",True,False
2023-04-28,1,01211,0.0,236.0,220.1863939374698,267.6272121250604,"趋势 OK: 2023-04-21 金叉 (MA20=227.82 > MA80=223.51) | 动量 OK: RSI=60.4 (带 [32.0,76.0]) | 量能 OK: 量比=1.53 | M2结构OK: 收盘突破前20日最高收盘(含缓冲)",False,True
2023-05-02,1,03328,0.0,5.23,5.012890737807205,5.664218524385591,"趋势 OK: 2023-04-24 金叉 (MA20=5.06 > MA80=4.87) | 动量 OK: RSI=68.5 (带 [32.0,76.0]) | 量能 OK: 量比=1.52 | M2结构OK: 收盘突破前20日最高收盘(含缓冲)",False,True
2023-05-04,1,00998,0.30639738372545106,4.4,4.228251545751829,4.743496908496343,"趋势 OK: 2023-04-26 金叉 (MA20=4.17 > MA80=3.85) | 动量 OK: RSI=72.5 (带 [32.2,75.9]) | 量能 OK: 量比=2.70 | M2结构OK: 收盘突破前20日最高收盘(含缓冲)",False,True
2023-05-04,2,01288,0.0601023255300899,3.15,3.028576629089977,3.3928467418200454,"趋势 OK: 2023-04-26 金叉 (MA20=3.02 > MA80=2.86) | 动量 OK: RSI=70.8 (带 [32.3,75.9]) | 量能 OK: 量比=2.44 | M2结构OK: 收盘突破前20日最高收盘(含缓冲)",False,True
2023-05-04,3,03328,-0.019715253425144227,5.37,5.130961911680702,5.848076176638596,"趋势 OK: 2023-04-26 金叉 (MA20=5.09 > MA80=4.88) | 动量 OK: RSI=71.2 (带 [32.0,76.0]) | 量能 OK: 量比=2.14 | M2结构OK: 收盘突破前20日最高收盘(含缓冲)",True,False
2023-05-04,4,03988,-0.14184913761269344,3.24,3.1337629295256466,3.4524741409487074,"趋势 OK: 2023-04-26 金叉 (MA20=3.12 > MA80=3.00) | 动量 OK: RSI=70.8 (带 [33.4,75.3]) | 量能 OK: 量比=2.73 | M2结构OK: 收盘突破前20日最高收盘(含缓冲)",False,True
2023-05-04,5,01398,-0.2049353182177033,4.37,4.177741207948291,4.754517584103419,"趋势 OK: 2023-04-26 金叉 (MA20=4.23 > MA80=4.16) | 动量 OK: RSI=63.6 (带 [32.0,76.0]) | 量能 OK: 量比=2.14 | M2结构OK: 收盘突破前20日最高收盘(含缓冲)",False,True
2023-05-05,1,01288,0.2946854141676908,3.18,3.0558211555835504,3.4283576888328997,"趋势 OK: 2023-04-27 金叉 (MA20=3.03 > MA80=2.87) | 动量 OK: RSI=72.9 (带 [32.2,75.9]) | 量能 OK: 量比=1.93 | M2结构OK: 收盘突破前20日最高收盘(含缓冲)",True,False
2023-05-05,2,03988,-0.06754980856228714,3.27,3.1570655774166716,3.4958688451666564,"趋势 OK: 2023-04-27 金叉 (MA20=3.13 > MA80=3.01) | 动量 OK: RSI=73.2 (带 [33.1,75.5]) | 量能 OK: 量比=2.69 | M2结构OK: 收盘突破前20日最高收盘(含缓冲)",True,False
2023-05-05,3,01398,-0.07613627616306155,4.47,4.27433112166627,4.86133775666746,"趋势 OK: 2023-04-27 金叉 (MA20=4.25 > MA80=4.16) | 动量 OK: RSI=69.2 (带 [32.0,76.0]) | 量能 OK: 量比=2.29 | M2结构OK: 收盘突破前20日最高收盘(含缓冲)",True,False
2023-05-05,4,00939,-0.1509993294423421,5.43,5.225699718429661,5.838600563140677,"趋势 OK: 2023-04-27 金叉 (MA20=5.26 > MA80=5.08) | 动量 OK: RSI=66.0 (带 [32.5,75.8]) | 量能 OK: 量比=2.52 | M2结构OK: 收盘突破前20日最高收盘(含缓冲)",False,True
2023-05-08,1,00728,0.1414213562373095,4.51,4.2186315679253426,5.092736864149315,"趋势 OK: 2023-04-28 金叉 (MA20=4.34 > MA80=4.04) | 动量 OK: RSI=63.3 (带 [32.0,76.0]) | 量能 OK: 量比=1.52 | M2结构OK: 收盘突破前20日最高收盘(含缓冲)",False,True
2023-05-08,2,00883,-0.1414213562373095,13.06,12.296010282775548,14.587979434448908,"趋势 OK: 2023-04-28 金叉 (MA20=12.52 > MA80=11.63) | 动量 OK: RSI=63.4 (带 [32.0,76.0]) | 量能 OK: 量比=1.80 | M2结构OK: 收盘突破前20日最高收盘(含缓冲)",False,True
2023-05-09,1,00857,0.0,5.49,5.136313863528204,6.197372272943593,"趋势 OK: 2023-05-02 金叉 (MA20=5.25 > MA80=4.46) | 动量 OK: RSI=68.6 (带 [32.0,76.0]) | 量能 OK: 量比=1.52 | M2结构OK: 收盘突破前20日最高收盘(含缓冲)",False,True
2023-05-22,1,01211,0.0,252.2,236.83005083067667,282.9398983386466,"趋势 OK: 2023-05-15 金叉 (MA20=238.51 > MA80=228.92) | 动量 OK: RSI=66.8 (带 [32.0,76.0]) | 量能 OK: 量比=1.69 | M2结构OK: 收盘突破前20日最高收盘(含缓冲)",True,False
2023-07-14,1,00857,0.0,5.86,5.477894904097413,6.624210191805175,"趋势 OK: 2023-07-07 金叉 (MA20=5.55 > MA80=5.25) | 动量 OK: RSI=63.2 (带 [32.0,76.0]) | 量能 OK: 量比=1.53 | M2结构OK: 收盘突破前20日最高收盘(含缓冲)",False,True
2023-07-28,1,01211,0.23023887080684546,271.2,257.1009138324222,299.39817233515566,"趋势 OK: 2023-07-21 金叉 (MA20=262.89 > MA80=246.74) | 动量 OK: RSI=62.0 (带 [32.0,76.0]) | 量能 OK: 量比=1.56 | M2结构OK: 收盘突破前20日最高收盘(含缓冲)",False,True
2023-07-28,2,00992,-0.09954552204834335,8.8,8.171963555115445,10.05607288976911,"趋势 OK: 2023-07-21 金叉 (MA20=8.43 > MA80=8.12) | 动量 OK: RSI=59.8 (带 [32.0,76.0]) | 量能 OK: 量比=2.14 | M2结构OK: 收盘突破前20日最高收盘(含缓冲)",False,True
2023-07-28,3,09633,-0.13069334875850216,44.75,43.10029700340091,48.04940599319818,"趋势 OK: 2023-07-21 金叉 (MA20=43.35 > MA80=42.90) | 动量 OK: RSI=62.2 (带 [32.6,75.7]) | 量能 OK: 量比=1.70 | M2结构OK: 收盘突破前20日最高收盘(含缓冲)",False,True
2023-07-31,1,01211,0.230882534194346,275.6,261.33656284439206,304.126874311216,"趋势 OK: 2023-07-24 金叉 (MA20=264.17 > MA80=247.38) | 动量 OK: RSI=65.7 (带 [32.0,76.0]) | 量能 OK: 量比=1.56 | M2结构OK: 收盘突破前20日最高收盘(含缓冲)",True,False
2023-07-31,2,00992,-0.11097567049677358,8.94,8.256823301178628,10.306353397642745,"趋势 OK: 2023-07-24 金叉 (MA20=8.47 > MA80=8.13) | 动量 OK: RSI=62.0 (带 [32.0,76.0]) | 量能 OK: 量比=2.46 | M2结构OK: 收盘突破前20日最高收盘(含缓冲)",True,False
2023-07-31,3,09633,-0.11990686369757236,45.3,43.639561503157985,48.62087699368402,"趋势 OK: 2023-07-24 金叉 (MA20=43.46 > MA80=42.90) | 动量 OK: RSI=65.4 (带 [32.7,75.7]) | 量能 OK: 量比=2.30 | M2结构OK: 收盘突破前20日最高收盘(含缓冲)",True,False
2023-08-01,1,09633,0.0,45.3,43.6438785386467,48.61224292270659,"趋势 OK: 2023-07-25 金叉 (MA20=43.52 > MA80=42.90) | 动量 OK: RSI=65.4 (带 [32.7,75.7]) | 量能 OK: 量比=1.62 | M2结构OK: 收盘突破前20日最高收盘(含缓冲)",True,False
2023-08-10,1,00857,0.14142135623730953,5.91,5.572610819078564,6.584778361842873,"趋势 OK: 2023-08-03 金叉 (MA20=5.74 > MA80=5.51) | 动量 OK: RSI=61.5 (带 [32.0,76.0]) | 量能 OK: 量比=1.80 | M2结构OK: 收盘突破前20日最高收盘(含缓冲)",False,True
2023-08-10,2,00883,-0.14142135623730953,13.0,12.409389015200652,14.181221969598694,"趋势 OK: 2023-08-03 金叉 (MA20=12.40 > MA80=12.18) | 动量 OK: RSI=68.9 (带 [32.0,76.0]) | 量能 OK: 量比=1.62 | M2结构OK: 收盘突破前20日最高收盘(含缓冲)",False,True
2024-04-24,1,03988,0.0,3.46,3.331383998997417,3.7172320020051655,"趋势 OK: 2024-04-17 金叉 (MA20=3.30 > MA80=3.10) | 动量 OK: RSI=72.6 (带 [32.6,75.7]) | 量能 OK: 量比=1.73 | M2结构OK: 收盘突破前20日最高收盘(含缓冲)",False,True
2024-04-26,1,00883,0.0,19.68,18.38019781161035,22.279604376779297,"趋势 OK: 2024-04-19 金叉 (MA20=18.86 > MA80=16.18) | 动量 OK: RSI=64.8 (带 [32.0,76.0]) | 量能 OK: 量比=2.16 | M2结构OK: 收盘突破前20日最高收盘(含缓冲)",False,True
2024-04-29,1,03328,0.22972124239954309,5.58,5.327029077497402,6.085941845005196,"趋势 OK: 2024-04-22 金叉 (MA20=5.29 > MA80=5.01) | 动量 OK: RSI=67.9 (带 [32.0,76.0]) | 量能 OK: 量比=1.55 | M2结构OK: 收盘突破前20日最高收盘(含缓冲)",False,True
2024-04-29,2,01398,-0.09433958095304455,4.2,4.0363714871493075,4.527257025701385,"趋势 OK: 2024-04-22 金叉 (MA20=4.06 > MA80=3.92) | 动量 OK: RSI=65.8 (带 [32.2,75.9]) | 量能 OK: 量比=1.55 | M2结构OK: 收盘突破前20日最高收盘(含缓冲)",False,True
2024-04-29,3,00939,-0.13538166144649844,5.07,4.8864945742367425,5.437010851526517,"趋势 OK: 2024-04-22 金叉 (MA20=4.87 > MA80=4.74) | 动量 OK: RSI=66.8 (带 [32.8,75.6]) | 量能 OK: 量比=1.84 | M2结构OK: 收盘突破前20日最高收盘(含缓冲)",False,True
2024-04-30,1,01398,0.0,4.23,4.065202095210072,4.559595809579857,"趋势 OK: 2024-04-23 金叉 (MA20=4.08 > MA80=3.93) | 动量 OK: RSI=68.1 (带 [32.2,75.9]) | 量能 OK: 量比=1.61 | M2结构OK: 收盘突破前20日最高收盘(含缓冲)",True,False
2024-05-10,1,00883,0.14142135623730953,20.5,19.28831886460714,22.923362270785713,"趋势 OK: 2024-05-03 金叉 (MA20=19.38 > MA80=16.93) | 动量 OK: RSI=67.2 (带 [32.0,76.0]) | 量能 OK: 量比=2.26 | M2结构OK: 收盘突破前20日最高收盘(含缓冲)",True,False
2024-05-10,2,00857,-0.14142135623730953,7.68,7.193964162626715,8.65207167474657,"趋势 OK: 2024-05-03 金叉 (MA20=7.34 > MA80=6.37) | 动量 OK: RSI=66.3 (带 [32.0,76.0]) | 量能 OK: 量比=1.67 | M2结构OK: 收盘突破前20日最高收盘(含缓冲)",False,True
2024-05-14,1,09961,0.0,422.2,399.22109170826684,468.1578165834663,"趋势 OK: 2024-05-07 金叉 (MA20=399.31 > MA80=349.38) | 动量 OK: RSI=67.5 (带 [32.0,76.0]) | 量能 OK: 量比=1.76 | M2结构OK: 收盘突破前20日最高收盘(含缓冲)",False,True
2024-05-20,1,00857,0.0,7.72,7.24488616319495,8.6702276736101,"趋势 OK: 2024-05-10 金叉 (MA20=7.38 > MA80=6.53) | 动量 OK: RSI=64.3 (带 [32.0,76.0]) | 量能 OK: 量比=1.53 | M2结构OK: 收盘突破前20日最高收盘(含缓冲)",True,False
2024-05-27,1,01093,0.0,6.89,6.45269957616693,7.764600847666139,"趋势 OK: 2024-05-20 金叉 (MA20=6.67 > MA80=6.26) | 动量 OK: RSI=61.2 (带 [32.0,76.0]) | 量能 OK: 量比=1.80 | M2结构OK: 收盘突破前20日最高收盘(含缓冲)",False,True
2024-05-28,1,01093,0.0,7.03,6.57822103501215,7.933557929975701,"趋势 OK: 2024-05-21 金叉 (MA20=6.69 > MA80=6.27) | 动量 OK: RSI=64.4 (带 [32.0,76.0]) | 量能 OK: 量比=1.68 | M2结构OK: 收盘突破前20日最高收盘(含缓冲)",True,False
2024-05-30,1,00981,0.0,16.84,15.597171230748922,19.325657538502156,"趋势 OK: 2024-05-23 金叉 (MA20=16.14 > MA80=15.55) | 动量 OK: RSI=59.6 (带 [32.0,76.0]) | 量能 OK: 量比=2.32 | M2结构OK: 收盘突破前20日最高收盘(含缓冲)",False,True
2024-05-31,1,00941,0.0,75.1,72.77126333066576,79.75747333866846,"趋势 OK: 2024-05-24 金叉 (MA20=72.92 > MA80=68.93) | 动量 OK: RSI=66.5 (带 [33.8,75.1]) | 量能 OK: 量比=1.62 | M2结构OK: 收盘突破前20日最高收盘(含缓冲)",False,True
2024-06-03,1,01211,0.21499485002987676,230.6,216.1183769016319,259.56324619673615,"趋势 OK: 2024-05-27 金叉 (MA20=219.71 > MA80=204.79) | 动量 OK: RSI=65.0 (带 [32.0,76.0]) | 量能 OK: 量比=2.21 | M2结构OK: 收盘突破前20日最高收盘(含缓冲)",False,True
2024-06-03,2,00941,-0.034470643314844694,76.2,73.70188737847536,81.1962252430493,"趋势 OK: 2024-05-27 金叉 (MA20=73.25 > MA80=69.06) | 动量 OK: RSI=70.4 (带 [33.4,75.3]) | 量能 OK: 量比=1.71 | M2结构OK: 收盘突破前20日最高收盘(含缓冲)",True,False
2024-06-03,3,00728,-0.18052420671503194,4.48,4.308471985878487,4.823056028243028,"趋势 OK: 2024-05-27 金叉 (MA20=4.40 > MA80=4.23) | 动量 OK: RSI=58.6 (带 [32.3,75.8]) | 量能 OK: 量比=2.25 | M2结构OK: 收盘突破前20日最高收盘(含缓冲)",False,True
2024-06-20,1,00998,0.1414213562373095,5.04,4.826271854878635,5.4674562902427315,"趋势 OK: 2024-06-13 金叉 (MA20=4.83 > MA80=4.48) | 动量 OK: RSI=67.5 (带 [32.0,76.0]) | 量能 OK: 量比=1.83 | M2结构OK: 收盘突破前20日最高收盘(含缓冲)",False,True
2024-06-20,2,00728,-0.1414213562373095,4.48,4.2741953264533885,4.891609347093224,"趋势 OK: 2024-06-13 金叉 (MA20=4.39 > MA80=4.27) | 动量 OK: RSI=58.4 (带 [32.0,76.0]) | 量能 OK: 量比=1.69 | M2结构OK: 收盘突破前20日最高收盘(含缓冲)",False,True
2024-06-27,1,00728,0.0,4.65,4.448214295652217,5.053571408695567,"趋势 OK: 2024-06-20 金叉 (MA20=4.40 > MA80=4.28) | 动量 OK: RSI=66.3 (带 [32.0,76.0]) | 量能 OK: 量比=1.71 | M2结构OK: 收盘突破前20日最高收盘(含缓冲)",True,False
2024-07-02,1,00939,0.14142135623730953,5.86,5.619532824439344,6.340934351121313,"趋势 OK: 2024-06-24 金叉 (MA20=5.66 > MA80=5.25) | 动量 OK: RSI=63.1 (带 [32.0,76.0]) | 量能 OK: 量比=1.76 | M2结构OK: 收盘突破前20日最高收盘(含缓冲)",False,True
2024-07-02,2,03968,-0.14142135623730953,36.4,34.41380068041467,40.37239863917066,"趋势 OK: 2024-06-24 金叉 (MA20=35.11 > MA80=33.78) | 动量 OK: RSI=58.2 (带 [32.0,76.0]) | 量能 OK: 量比=1.61 | M2结构OK: 收盘突破前20日最高收盘(含缓冲)",False,True
2024-07-12,1,00700,0.0,397.0,378.59867174140004,433.8026565171999,"趋势 OK: 2024-07-05 金叉 (MA20=380.85 > MA80=351.33) | 动量 OK: RSI=65.0 (带 [32.0,76.0]) | 量能 OK: 量比=1.60 | M2结构OK: 收盘突破前20日最高收盘(含缓冲)",False,True
2024-08-29,1,02328,0.0,10.38,9.853833614637491,11.432332770725022,"趋势 OK: 2024-08-22 金叉 (MA20=10.06 > MA80=9.93) | 动量 OK: RSI=61.3 (带 [32.0,76.0]) | 量能 OK: 量比=1.62 | M2结构OK: 收盘突破前20日最高收盘(含缓冲)",False,True
2024-09-02,1,02328,0.0,10.42,9.844683065682325,11.570633868635351,"趋势 OK: 2024-08-26 金叉 (MA20=10.07 > MA80=9.95) | 动量 OK: RSI=59.6 (带 [32.0,76.0]) | 量能 OK: 量比=1.62 | M2结构OK: 收盘突破前20日最高收盘(含缓冲)",True,False
2024-09-05,1,02328,0.0,10.66,10.05347984522743,11.873040309545141,"趋势 OK: 2024-08-29 金叉 (MA20=10.16 > MA80=9.96) | 动量 OK: RSI=63.0 (带 [32.0,76.0]) | 量能 OK: 量比=2.08 | M2结构OK: 收盘突破前20日最高收盘(含缓冲)",True,False
2024-09-19,1,09988,0.23788202770078712,85.7,81.06840646975928,94.96318706048145,"趋势 OK: 2024-09-11 金叉 (MA20=81.22 > MA80=76.77) | 动量 OK: RSI=65.7 (带 [32.0,76.0]) | 量能 OK: 量比=1.71 | M2结构OK: 收盘突破前20日最高收盘(含缓冲)",False,True
2024-09-19,2,09987,0.09290311859505429,280.8,265.41309542618677,311.57380914762655,"趋势 OK: 2024-09-11 金叉 (MA20=267.65 > MA80=256.60) | 动量 OK: RSI=66.5 (带 [32.0,76.0]) | 量能 OK: 量比=1.53 | M2结构OK: 收盘突破前20日最高收盘(含缓冲)",False,True
2024-09-19,3,01211,-0.15940320977212413,245.0,232.8616260556693,269.2767478886614,"趋势 OK: 2024-09-11 金叉 (MA20=234.66 > MA80=230.12) | 动量 OK: RSI=66.9 (带 [32.0,76.0]) | 量能 OK: 量比=1.62 | M2结构OK: 收盘突破前20日最高收盘(含缓冲)",False,True
2024-09-19,4,00700,-0.17138193652371725,388.8,372.85768638576747,420.6846272284651,"趋势 OK: 2024-09-11 金叉 (MA20=376.44 > MA80=373.99) | 动量 OK: RSI=64.7 (带 [32.0,76.0]) | 量能 OK: 量比=1.78 | M2结构OK: 收盘突破前20日最高收盘(含缓冲)",False,True
2024-09-20,1,00267,0.11781231141310228,7.81,7.458548132648939,8.51290373470212,"趋势 OK: 2024-09-16 金叉 (MA20=7.53 > MA80=7.43) | 动量 OK: RSI=66.3 (带 [32.0,76.0]) | 量能 OK: 量比=2.01 | M2结构OK: 收盘突破前20日最高收盘(含缓冲)",False,True
2024-09-20,2,01211,0.11311185050101619,245.2,232.95722419455004,269.6855516108999,"趋势 OK: 2024-09-12 金叉 (MA20=235.66 > MA80=230.60) | 动量 OK: RSI=67.1 (带 [32.0,76.0]) | 量能 OK: 量比=2.33 | M2结构OK: 收盘突破前20日最高收盘(含缓冲)",True,False
2024-09-20,3,00700,-0.23092416191411844,388.6,372.4249945010698,420.95001099786043,"趋势 OK: 2024-09-12 金叉 (MA20=377.29 > MA80=374.13) | 动量 OK: RSI=64.4 (带 [32.0,76.0]) | 量能 OK: 量比=1.86 | M2结构OK: 收盘突破前20日最高收盘(含缓冲)",True,False
2024-09-23,1,02328,0.0,10.76,10.1210270295755,12.037945940849001,"趋势 OK: 2024-09-13 金叉 (MA20=10.27 > MA80=9.94) | 动量 OK: RSI=63.6 (带 [32.0,76.0]) | 量能 OK: 量比=1.58 | M2结构OK: 收盘突破前20日最高收盘(含缓冲)",True,False
2024-09-24,1,01211,0.0,248.8,236.2212800453008,273.95743990939843,"趋势 OK: 2024-09-16 金叉 (MA20=237.43 > MA80=231.41) | 动量 OK: RSI=66.5 (带 [32.0,76.0]) | 量能 OK: 量比=1.79 | M2结构OK: 收盘突破前20日最高收盘(含缓冲)",True,False
2024-09-25,1,01211,0.0,251.8,238.8626171849222,277.67476563015566,"趋势 OK: 2024-09-17 金叉 (MA20=238.58 > MA80=231.82) | 动量 OK: RSI=68.9 (带 [32.0,76.0]) | 量能 OK: 量比=1.88 | M2结构OK: 收盘突破前20日最高收盘(含缓冲)",True,False
2024-12-06,1,00998,0.0,5.19,4.977263423101699,5.615473153796603,"趋势 OK: 2024-11-29 金叉 (MA20=5.00 > MA80=4.89) | 动量 OK: RSI=62.7 (带 [32.0,76.0]) | 量能 OK: 量比=1.58 | M2结构OK: 收盘突破前20日最高收盘(含缓冲)",False,True
2024-12-09,1,00267,0.19640506342640973,9.22,8.64473253038708,10.370534939225845,"趋势 OK: 2024-12-02 金叉 (MA20=8.86 > MA80=8.57) | 动量 OK: RSI=57.6 (带 [32.0,76.0]) | 量能 OK: 量比=1.66 | M2结构OK: 收盘突破前20日最高收盘(含缓冲)",False,True
2024-12-09,2,02328,0.007005777347206023,12.54,11.80315745117241,14.013685097655177,"趋势 OK: 2024-12-02 金叉 (MA20=12.14 > MA80=11.50) | 动量 OK: RSI=60.4 (带 [32.0,76.0]) | 量能 OK: 量比=2.47 | M2结构OK: 收盘突破前20日最高收盘(含缓冲)",False,True
2024-12-09,3,00998,-0.20341084077361593,5.3,5.076744607165863,5.746510785668273,"趋势 OK: 2024-12-02 金叉 (MA20=5.02 > MA80=4.90) | 动量 OK: RSI=67.9 (带 [32.0,76.0]) | 量能 OK: 量比=1.82 | M2结构OK: 收盘突破前20日最高收盘(含缓冲)",True,False
2024-12-10,1,00939,0.0,6.25,6.016717714691797,6.7165645706164065,"趋势 OK: 2024-12-03 金叉 (MA20=5.98 > MA80=5.88) | 动量 OK: RSI=64.2 (带 [32.5,75.7]) | 量能 OK: 量比=1.79 | M2结构OK: 收盘突破前20日最高收盘(含缓冲)",False,True
2024-12-16,1,00728,0.0,4.83,4.632404770940265,5.225190458119471,"趋势 OK: 2024-12-12 金叉 (MA20=4.58 > MA80=4.55) | 动量 OK: RSI=68.5 (带 [32.0,76.0]) | 量能 OK: 量比=1.57 | M2结构OK: 收盘突破前20日最高收盘(含缓冲)",False,True
2024-12-18,1,00728,0.0,4.85,4.6506449300454324,5.248710139909135,"趋势 OK: 2024-12-12 金叉 (MA20=4.61 > MA80=4.55) | 动量 OK: RSI=68.0 (带 [32.0,76.0]) | 量能 OK: 量比=1.75 | M2结构OK: 收盘突破前20日最高收盘(含缓冲)",True,False
2024-12-19,1,00728,0.0,4.89,4.689170292185044,5.291659415629911,"趋势 OK: 2024-12-12 金叉 (MA20=4.63 > MA80=4.55) | 动量 OK: RSI=69.9 (带 [32.0,76.0]) | 量能 OK: 量比=1.84 | M2结构OK: 收盘突破前20日最高收盘(含缓冲)",True,False
2024-12-23,1,01288,0.14142135623730953,4.3,4.098617580877532,4.702764838244935,"趋势 OK: 2024-12-16 金叉 (MA20=4.09 > MA80=3.87) | 动量 OK: RSI=69.9 (带 [32.0,76.0]) | 量能 OK: 量比=1.57 | M2结构OK: 收盘突破前20日最高收盘(含缓冲)",False,True
2024-12-23,2,00939,-0.14142135623730953,6.4,6.180805613227208,6.838388773545585,"趋势 OK: 2024-12-16 金叉 (MA20=6.13 > MA80=5.94) | 动量 OK: RSI=66.2 (带 [33.2,75.4]) | 量能 OK: 量比=1.71 | M2结构OK: 收盘突破前20日最高收盘(含缓冲)",True,False
2024-12-27,1,00998,0.0,5.33,5.097148977206181,5.795702045587638,"趋势 OK: 2024-12-18 金叉 (MA20=5.07 > MA80=4.93) | 动量 OK: RSI=65.3 (带 [32.0,76.0]) | 量能 OK: 量比=1.56 | M2结构OK: 收盘突破前20日最高收盘(含缓冲)",False,True
2025-01-13,1,00883,0.0,19.24,18.422502237931326,20.874995524137347,"趋势 OK: 2025-01-09 金叉 (MA20=18.57 > MA80=18.45) | 动量 OK: RSI=65.0 (带 [32.0,76.0]) | 量能 OK: 量比=1.66 | M2结构OK: 收盘突破前20日最高收盘(含缓冲)",False,True
2025-01-24,1,01398,0.0,5.25,5.019268538063313,5.711462923873374,"趋势 OK: 2025-01-17 金叉 (MA20=4.99 > MA80=4.80) | 动量 OK: RSI=67.3 (带 [32.0,76.0]) | 量能 OK: 量比=1.55 | M2结构OK: 收盘突破前20日最高收盘(含缓冲)",False,True
2025-02-06,1,00728,0.0,5.0,4.7940104505885435,5.411979098822913,"趋势 OK: 2025-01-27 金叉 (MA20=4.79 > MA80=4.66) | 动量 OK: RSI=64.4 (带 [32.0,76.0]) | 量能 OK: 量比=2.13 | M2结构OK: 收盘突破前20日最高收盘(含缓冲)",False,True
2025-02-10,1,00941,0.0,77.15,74.8574052139933,81.73518957201341,"趋势 OK: 2025-02-03 金叉 (MA20=75.37 > MA80=73.54) | 动量 OK: RSI=65.4 (带 [34.1,75.0]) | 量能 OK: 量比=2.85 | M2结构OK: 收盘突破前20日最高收盘(含缓冲)",False,True
2025-02-11,1,03988,0.14142135623730953,4.13,3.9811167989152048,4.42776640216959,"趋势 OK: 2025-02-04 金叉 (MA20=3.97 > MA80=3.82) | 动量 OK: RSI=66.7 (带 [32.8,75.6]) | 量能 OK: 量比=1.54 | M2结构OK: 收盘突破前20日最高收盘(含缓冲)",False,True
2025-02-11,2,00941,-0.14142135623730953,77.05,74.79973341299377,81.55053317401244,"趋势 OK: 2025-02-04 金叉 (MA20=75.46 > MA80=73.57) | 动量 OK: RSI=64.3 (带 [34.2,74.9]) | 量能 OK: 量比=1.81 | M2结构OK: 收盘突破前20日最高收盘(含缓冲)",True,False
2025-02-12,1,03968,0.3101953080696722,44.3,41.93619610384957,49.02760779230085,"趋势 OK: 2025-02-05 金叉 (MA20=42.00 > MA80=39.01) | 动量 OK: RSI=68.1 (带 [32.0,76.0]) | 量能 OK: 量比=1.52 | M2结构OK: 收盘突破前20日最高收盘(含缓冲)",False,True
2025-02-12,2,03988,0.1562521926162371,4.22,4.06746559899269,4.52506880201462,"趋势 OK: 2025-02-05 金叉 (MA20=3.99 > MA80=3.82) | 动量 OK: RSI=72.1 (带 [32.8,75.6]) | 量能 OK: 量比=1.77 | M2结构OK: 收盘突破前20日最高收盘(含缓冲)",True,False
2025-02-12,3,01288,0.019358699499238574,4.36,4.159075136442204,4.761849727115593,"趋势 OK: 2025-02-05 金叉 (MA20=4.24 > MA80=4.10) | 动量 OK: RSI=58.9 (带 [32.0,76.0]) | 量能 OK: 量比=1.70 | M2结构OK: 收盘突破前20日最高收盘(含缓冲)",False,True
2025-02-12,4,00941,-0.14734777899761595,77.9,75.63189531206565,82.43620937586871,"趋势 OK: 2025-02-05 金叉 (MA20=75.61 > MA80=73.62) | 动量 OK: RSI=69.2 (带 [34.2,74.9]) | 量能 OK: 量比=1.91 | M2结构OK: 收盘突破前20日最高收盘(含缓冲)",True,False
2025-02-12,5,00939,-0.16854200757822066,6.58,6.330060164121856,7.079879671756288,"趋势 OK: 2025-02-05 金叉 (MA20=6.24 > MA80=6.13) | 动量 OK: RSI=66.2 (带 [32.4,75.8]) | 量能 OK: 量比=1.83 | M2结构OK: 收盘突破前20日最高收盘(含缓冲)",False,True
2025-02-12,6,03328,-0.16991641360931095,6.49,6.221543937903208,7.0269121241935855,"趋势 OK: 2025-02-05 金叉 (MA20=6.19 > MA80=6.05) | 动量 OK: RSI=68.2 (带 [32.0,76.0]) | 量能 OK: 量比=1.56 | M2结构OK: 收盘突破前20日最高收盘(含缓冲)",False,True
2025-02-13,1,03988,0.16349717790676607,4.22,4.06407519906464,4.531849601870718,"趋势 OK: 2025-02-06 金叉 (MA20=4.01 > MA80=3.83) | 动量 OK: RSI=72.1 (带 [32.6,75.7]) | 量能 OK: 量比=2.16 | M2结构OK: 收盘突破前20日最高收盘(含缓冲)",True,False
2025-02-13,2,01288,0.059501206134583276,4.41,4.20628405526776,4.817431889464479,"趋势 OK: 2025-02-06 金叉 (MA20=4.25 > MA80=4.11) | 动量 OK: RSI=61.9 (带 [32.0,76.0]) | 量能 OK: 量比=1.91 | M2结构OK: 收盘突破前20日最高收盘(含缓冲)",True,False
2025-02-13,3,00941,-0.22299838404134933,78.0,75.7367599326324,82.52648013473522,"趋势 OK: 2025-02-06 金叉 (MA20=75.80 > MA80=73.68) | 动量 OK: RSI=69.7 (带 [34.2,74.9]) | 量能 OK: 量比=2.03 | M2结构OK: 收盘突破前20日最高收盘(含缓冲)",True,False
2025-02-14,1,03988,0.0,4.26,4.105212684845737,4.569574630308524,"趋势 OK: 2025-02-07 金叉 (MA20=4.03 > MA80=3.84) | 动量 OK: RSI=74.2 (带 [32.7,75.6]) | 量能 OK: 量比=1.66 | M2结构OK: 收盘突破前20日最高收盘(含缓冲)",True,False
2025-02-17,1,00998,0.1414213562373095,5.7,5.458185918067688,6.183628163864625,"趋势 OK: 2025-02-10 金叉 (MA20=5.48 > MA80=5.17) | 动量 OK: RSI=67.2 (带 [32.0,76.0]) | 量能 OK: 量比=1.77 | M2结构OK: 收盘突破前20日最高收盘(含缓冲)",True,False
2025-02-17,2,03328,-0.1414213562373095,6.56,6.295496367191452,7.089007265617093,"趋势 OK: 2025-02-10 金叉 (MA20=6.25 > MA80=6.06) | 动量 OK: RSI=71.2 (带 [32.0,76.0]) | 量能 OK: 量比=2.28 | M2结构OK: 收盘突破前20日最高收盘(含缓冲)",True,False
2025-02-18,1,03328,0.0,6.64,6.375818055249206,7.168363889501587,"趋势 OK: 2025-02-11 金叉 (MA20=6.29 > MA80=6.07) | 动量 OK: RSI=74.2 (带 [32.0,76.0]) | 量能 OK: 量比=1.78 | M2结构OK: 收盘突破前20日最高收盘(含缓冲)",True,False
2025-02-21,1,03328,0.0,6.68,6.419844120766219,7.200311758467561,"趋势 OK: 2025-02-14 金叉 (MA20=6.37 > MA80=6.08) | 动量 OK: RSI=71.6 (带 [32.2,75.9]) | 量能 OK: 量比=1.95 | M2结构OK: 收盘突破前20日最高收盘(含缓冲)",True,False
2025-02-25,1,01109,0.0,25.55,23.71115998152073,29.227680036958542,"趋势 OK: 2025-02-19 金叉 (MA20=24.17 > MA80=23.76) | 动量 OK: RSI=63.7 (带 [32.0,76.0]) | 量能 OK: 量比=1.74 | M2结构OK: 收盘突破前20日最高收盘(含缓冲)",False,True
2025-02-26,1,03968,0.0,45.75,43.24971574628178,50.750568507436434,"趋势 OK: 2025-02-19 金叉 (MA20=43.80 > MA80=39.63) | 动量 OK: RSI=65.1 (带 [32.0,76.0]) | 量能 OK: 量比=1.51 | M2结构OK: 收盘突破前20日最高收盘(含缓冲)",True,False
2025-02-27,1,03968,0.1414213562373095,46.55,43.971164621547366,51.70767075690526,"趋势 OK: 2025-02-20 金叉 (MA20=43.98 > MA80=39.74) | 动量 OK: RSI=68.1 (带 [32.0,76.0]) | 量能 OK: 量比=1.75 | M2结构OK: 收盘突破前20日最高收盘(含缓冲)",True,False
2025-02-27,2,02020,-0.1414213562373095,88.65,82.33524509653147,101.27950980693709,"趋势 OK: 2025-02-20 金叉 (MA20=84.91 > MA80=81.49) | 动量 OK: RSI=61.7 (带 [32.0,76.0]) | 量能 OK: 量比=1.89 | M2结构OK: 收盘突破前20日最高收盘(含缓冲)",False,True
2025-02-28,1,09987,0.0,384.4,360.02278404223847,433.154431915523,"趋势 OK: 2025-02-25 金叉 (MA20=370.05 > MA80=366.40) | 动量 OK: RSI=60.4 (带 [32.0,76.0]) | 量能 OK: 量比=1.64 | M2结构OK: 收盘突破前20日最高收盘(含缓冲)",False,True
2025-03-03,1,02020,0.0,90.1,83.19646133323376,103.90707733353248,"趋势 OK: 2025-02-24 金叉 (MA20=85.53 > MA80=81.62) | 动量 OK: RSI=63.1 (带 [32.0,76.0]) | 量能 OK: 量比=2.01 | M2结构OK: 收盘突破前20日最高收盘(含缓冲)",True,False
2025-03-06,1,02628,0.0,16.04,14.851733161004473,18.41653367799105,"趋势 OK: 2025-02-27 金叉 (MA20=15.24 > MA80=14.87) | 动量 OK: RSI=60.0 (带 [32.0,76.0]) | 量能 OK: 量比=1.54 | M2结构OK: 收盘突破前20日最高收盘(含缓冲)",False,True
2025-03-07,1,03968,0.14142135623730953,47.65,44.97290261787266,53.00419476425468,"趋势 OK: 2025-02-28 金叉 (MA20=45.06 > MA80=40.28) | 动量 OK: RSI=68.5 (带 [32.0,76.0]) | 量能 OK: 量比=1.58 | M2结构OK: 收盘突破前20日最高收盘(含缓冲)",True,False
2025-03-07,2,09633,-0.14142135623730953,37.35,34.392758014971534,43.264483970056936,"趋势 OK: 2025-02-28 金叉 (MA20=35.32 > MA80=34.42) | 动量 OK: RSI=59.5 (带 [32.0,76.0]) | 量能 OK: 量比=1.50 | M2结构OK: 收盘突破前20日最高收盘(含缓冲)",False,True
2025-03-14,1,02318,0.0,49.15,45.938130265734756,55.57373946853048,"趋势 OK: 2025-03-07 金叉 (MA20=47.14 > MA80=45.33) | 动量 OK: RSI=60.9 (带 [32.0,76.0]) | 量能 OK: 量比=1.72 | M2结构OK: 收盘突破前20日最高收盘(含缓冲)",False,True
2025-05-12,1,01288,0.0,4.86,4.5907519358442075,5.398496128311587,"趋势 OK: 2025-05-02 金叉 (MA20=4.65 > MA80=4.57) | 动量 OK: RSI=60.7 (带 [32.0,76.0]) | 量能 OK: 量比=3.17 | M2结构OK: 收盘突破前20日最高收盘(含缓冲)",False,True
2025-05-13,1,00998,0.0,6.46,6.147551075359937,7.084897849280125,"趋势 OK: 2025-05-06 金叉 (MA20=6.11 > MA80=5.84) | 动量 OK: RSI=69.9 (带 [32.0,76.0]) | 量能 OK: 量比=1.91 | M2结构OK: 收盘突破前20日最高收盘(含缓冲)",False,True
2025-05-14,1,00939,0.0,6.9,6.581287647437341,7.53742470512532,"趋势 OK: 2025-05-07 金叉 (MA20=6.66 > MA80=6.58) | 动量 OK: RSI=60.0 (带 [32.0,76.0]) | 量能 OK: 量比=1.52 | M2结构OK: 收盘突破前20日最高收盘(含缓冲)",False,True
2025-05-21,1,02020,0.1414213562373095,95.35,89.07960584070982,107.89078831858035,"趋势 OK: 2025-05-14 金叉 (MA20=92.31 > MA80=88.57) | 动量 OK: RSI=59.1 (带 [32.0,76.0]) | 量能 OK: 量比=2.35 | M2结构OK: 收盘突破前20日最高收盘(含缓冲)",False,True
2025-05-21,2,00267,-0.1414213562373095,9.97,9.496833794250165,10.916332411499674,"趋势 OK: 2025-05-14 金叉 (MA20=9.56 > MA80=9.26) | 动量 OK: RSI=64.3 (带 [32.0,76.0]) | 量能 OK: 量比=1.86 | M2结构OK: 收盘突破前20日最高收盘(含缓冲)",False,True
2025-05-22,1,01519,0.0,6.42,5.992508036770109,7.274983926459782,"趋势 OK: 2025-05-19 金叉 (MA20=6.17 > MA80=6.04) | 动量 OK: RSI=63.8 (带 [32.0,76.0]) | 量能 OK: 量比=1.91 | M2结构OK: 收盘突破前20日最高收盘(含缓冲)",False,True
2025-05-23,1,01519,0.0,6.52,6.071614605572243,7.416770788855512,"趋势 OK: 2025-05-19 金叉 (MA20=6.21 > MA80=6.04) | 动量 OK: RSI=66.6 (带 [32.0,76.0]) | 量能 OK: 量比=2.83 | M2结构OK: 收盘突破前20日最高收盘(含缓冲)",True,False
2025-05-30,1,01398,0.0,5.71,5.503486836122812,6.123026327754375,"趋势 OK: 2025-05-23 金叉 (MA20=5.58 > MA80=5.51) | 动量 OK: RSI=65.6 (带 [32.8,75.6]) | 量能 OK: 量比=2.69 | M2结构OK: 收盘突破前20日最高收盘(含缓冲)",False,True
2025-06-03,1,01398,0.0,5.8,5.568057527065078,6.263884945869843,"趋势 OK: 2025-05-27 金叉 (MA20=5.61 > MA80=5.52) | 动量 OK: RSI=67.1 (带 [32.0,76.0]) | 量能 OK: 量比=1.70 | M2结构OK: 收盘突破前20日最高收盘(含缓冲)",True,False
2025-06-11,1,02899,0.22339749064700706,19.06,17.873713710606225,21.43257257878755,"趋势 OK: 2025-06-04 金叉 (MA20=18.04 > MA80=17.03) | 动量 OK: RSI=64.3 (带 [32.0,76.0]) | 量能 OK: 量比=1.51 | M2结构OK: 收盘突破前20日最高收盘(含缓冲)",False,True
2025-06-11,2,03968,-0.06100189256650001,52.3,50.01701125252415,56.86597749495169,"趋势 OK: 2025-06-04 金叉 (MA20=49.66 > MA80=46.58) | 动量 OK: RSI=73.0 (带 [32.0,76.0]) | 量能 OK: 量比=1.78 | M2结构OK: 收盘突破前20日最高收盘(含缓冲)",False,True
2025-06-11,3,00883,-0.16239559808050705,18.88,18.207905425462652,20.224189149074693,"趋势 OK: 2025-06-05 金叉 (MA20=17.99 > MA80=17.71) | 动量 OK: RSI=73.2 (带 [32.9,75.6]) | 量能 OK: 量比=1.56 | M2结构OK: 收盘突破前20日最高收盘(含缓冲)",False,True
2025-07-02,1,01519,0.0,7.1,6.672070546169611,7.955858907660779,"趋势 OK: 2025-06-24 金叉 (MA20=6.78 > MA80=6.17) | 动量 OK: RSI=64.6 (带 [32.0,76.0]) | 量能 OK: 量比=2.27 | M2结构OK: 收盘突破前20日最高收盘(含缓冲)",True,False
2025-07-11,1,00386,0.0,4.28,4.13761189642616,4.564776207147681,"趋势 OK: 2025-07-04 金叉 (MA20=4.15 > MA80=4.10) | 动量 OK: RSI=65.3 (带 [33.3,75.3]) | 量能 OK: 量比=1.63 | M2结构OK: 收盘突破前20日最高收盘(含缓冲)",False,True
2025-07-15,1,00700,0.14142135623730953,517.5,499.4672672128831,553.5654655742338,"趋势 OK: 2025-07-08 金叉 (MA20=504.71 > MA80=498.34) | 动量 OK: RSI=60.3 (带 [33.0,75.5]) | 量能 OK: 量比=1.65 | M2结构OK: 收盘突破前20日最高收盘(含缓冲)",False,True
2025-07-15,2,09633,-0.14142135623730953,40.85,38.53110186410021,45.48779627179958,"趋势 OK: 2025-07-08 金叉 (MA20=39.53 > MA80=37.74) | 动量 OK: RSI=61.3 (带 [32.0,76.0]) | 量能 OK: 量比=1.73 | M2结构OK: 收盘突破前20日最高收盘(含缓冲)",False,True
2025-07-17,1,09633,0.0,41.45,39.05513375016804,46.23973249966393,"趋势 OK: 2025-07-10 金叉 (MA20=39.70 > MA80=37.80) | 动量 OK: RSI=63.5 (带 [32.0,76.0]) | 量能 OK: 量比=1.67 | M2结构OK: 收盘突破前20日最高收盘(含缓冲)",True,False
2025-07-22,1,00883,0.0,18.86,18.239327092470635,20.101345815058732,"趋势 OK: 2025-07-15 金叉 (MA20=18.25 > MA80=17.76) | 动量 OK: RSI=63.3 (带 [33.4,75.3]) | 量能 OK: 量比=1.68 | M2结构OK: 收盘突破前20日最高收盘(含缓冲)",False,True
2025-07-23,1,00883,0.0,18.98,18.375089443008445,20.189821113983108,"趋势 OK: 2025-07-16 金叉 (MA20=18.30 > MA80=17.77) | 动量 OK: RSI=65.3 (带 [33.6,75.2]) | 量能 OK: 量比=1.72 | M2结构OK: 收盘突破前20日最高收盘(含缓冲)",True,False
2025-07-29,1,00857,0.0,7.53,7.225801327323673,8.138397345352656,"趋势 OK: 2025-07-22 金叉 (MA20=7.15 > MA80=6.53) | 动量 OK: RSI=70.4 (带 [32.0,76.0]) | 量能 OK: 量比=1.93 | M2结构OK: 收盘突破前20日最高收盘(含缓冲)",False,True
2025-08-04,1,00992,0.0,10.6,9.990705478025621,11.818589043948755,"趋势 OK: 2025-07-28 金叉 (MA20=10.11 > MA80=9.36) | 动量 OK: RSI=66.5 (带 [32.0,76.0]) | 量能 OK: 量比=1.84 | M2结构OK: 收盘突破前20日最高收盘(含缓冲)",False,True
2025-08-13,1,09988,0.0,123.7,116.83859673916895,137.42280652166212,"趋势 OK: 2025-08-06 金叉 (MA20=117.88 > MA80=115.98) | 动量 OK: RSI=62.8 (带 [32.0,76.0]) | 量能 OK: 量比=1.98 | M2结构OK: 收盘突破前20日最高收盘(含缓冲)",False,True
2025-08-14,1,02628,0.14142135623730953,23.62,21.96932463660809,26.921350726783825,"趋势 OK: 2025-08-07 金叉 (MA20=22.29 > MA80=18.17) | 动量 OK: RSI=69.1 (带 [32.0,76.0]) | 量能 OK: 量比=1.60 | M2结构OK: 收盘突破前20日最高收盘(含缓冲)",False,True
2025-08-14,2,02318,-0.14142135623730953,57.9,54.982467772327624,63.73506445534475,"趋势 OK: 2025-08-07 金叉 (MA20=54.79 > MA80=49.60) | 动量 OK: RSI=69.6 (带 [32.0,76.0]) | 量能 OK: 量比=1.59 | M2结构OK: 收盘突破前20日最高收盘(含缓冲)",False,True
2025-08-18,1,00175,0.0,19.81,18.412437532667592,22.60512493466481,"趋势 OK: 2025-08-11 金叉 (MA20=18.76 > MA80=17.82) | 动量 OK: RSI=66.7 (带 [32.0,76.0]) | 量能 OK: 量比=1.91 | M2结构OK: 收盘突破前20日最高收盘(含缓冲)",False,True
2025-08-25,1,09999,0.1828636427977084,217.6,204.82052376031,243.15895247937996,"趋势 OK: 2025-08-18 金叉 (MA20=205.82 > MA80=200.05) | 动量 OK: RSI=60.9 (带 [32.0,76.0]) | 量能 OK: 量比=1.79 | M2结构OK: 收盘突破前20日最高收盘(含缓冲)",False,True
2025-08-25,2,09888,0.030718357099026167,91.0,86.56527253071448,99.86945493857105,"趋势 OK: 2025-08-18 金叉 (MA20=86.55 > MA80=85.92) | 动量 OK: RSI=60.9 (带 [32.0,76.0]) | 量能 OK: 量比=2.58 | M2结构OK: 收盘突破前20日最高收盘(含缓冲)",False,True
2025-08-25,3,09988,-0.21358199989673476,124.5,117.41377014695149,138.67245970609702,"趋势 OK: 2025-08-18 金叉 (MA20=118.31 > MA80=116.49) | 动量 OK: RSI=61.6 (带 [32.0,76.0]) | 量能 OK: 量比=2.08 | M2结构OK: 收盘突破前20日最高收盘(含缓冲)",False,True
2025-08-28,1,00883,0.0,19.4,18.76628455841817,20.667430883163654,"趋势 OK: 2025-08-21 金叉 (MA20=18.78 > MA80=18.32) | 动量 OK: RSI=62.9 (带 [33.5,75.3]) | 量能 OK: 量比=2.70 | M2结构OK: 收盘突破前20日最高收盘(含缓冲)",True,False
2025-08-29,1,00883,0.0,19.51,18.867264232816876,20.795471534366254,"趋势 OK: 2025-08-22 金叉 (MA20=18.82 > MA80=18.35) | 动量 OK: RSI=64.4 (带 [33.4,75.3]) | 量能 OK: 量比=1.51 | M2结构OK: 收盘突破前20日最高收盘(含缓冲)",True,False
2025-09-01,1,00883,0.0,19.95,19.274602501901384,21.300794996197233,"趋势 OK: 2025-08-25 金叉 (MA20=18.89 > MA80=18.39) | 动量 OK: RSI=69.9 (带 [33.2,75.4]) | 量能 OK: 量比=1.69 | M2结构OK: 收盘突破前20日最高收盘(含缓冲)",True,False
2025-09-03,1,00857,0.0,7.74,7.415479909913636,8.389040180172728,"趋势 OK: 2025-08-27 金叉 (MA20=7.56 > MA80=7.10) | 动量 OK: RSI=63.8 (带 [32.0,76.0]) | 量能 OK: 量比=1.66 | M2结构OK: 收盘突破前20日最高收盘(含缓冲)",False,True
2025-09-08,1,00267,0.0,12.08,11.39020401230755,13.459591975384903,"趋势 OK: 2025-09-01 金叉 (MA20=11.49 > MA80=11.11) | 动量 OK: RSI=62.9 (带 [32.0,76.0]) | 量能 OK: 量比=2.82 | M2结构OK: 收盘突破前20日最高收盘(含缓冲)",False,True
2025-10-09,1,01088,0.0,38.84,37.101978075989024,42.31604384802196,"趋势 OK: 2025-09-30 金叉 (MA20=37.71 > MA80=35.18) | 动量 OK: RSI=65.4 (带 [32.0,76.0]) | 量能 OK: 量比=1.75 | M2结构OK: 收盘突破前20日最高收盘(含缓冲)",False,True
2025-10-10,1,01088,0.0,39.56,37.74612249913266,43.18775500173468,"趋势 OK: 2025-10-02 金叉 (MA20=37.81 > MA80=35.23) | 动量 OK: RSI=69.6 (带 [32.0,76.0]) | 量能 OK: 量比=1.50 | M2结构OK: 收盘突破前20日最高收盘(含缓冲)",True,False
2025-10-15,1,02628,0.0,23.24,21.602222452640476,26.51555509471904,"趋势 OK: 2025-10-08 金叉 (MA20=21.98 > MA80=21.81) | 动量 OK: RSI=61.3 (带 [32.0,76.0]) | 量能 OK: 量比=2.34 | M2结构OK: 收盘突破前20日最高收盘(含缓冲)",False,True
2025-10-21,1,00175,0.0,19.8,18.299970094129662,22.800059811740677,"趋势 OK: 2025-10-14 金叉 (MA20=18.99 > MA80=18.64) | 动量 OK: RSI=56.5 (带 [32.0,76.0]) | 量能 OK: 量比=1.95 | M2结构OK: 收盘突破前20日最高收盘(含缓冲)",False,True
2025-11-12,1,09633,0.0,56.1,53.170080482294026,61.95983903541196,"趋势 OK: 2025-11-05 金叉 (MA20=53.40 > MA80=50.59) | 动量 OK: RSI=64.7 (带 [32.0,76.0]) | 量能 OK: 量比=2.07 | M2结构OK: 收盘突破前20日最高收盘(含缓冲)",False,True
2025-11-20,1,03988,0.0,4.75,4.596224307057174,5.057551385885652,"趋势 OK: 2025-11-13 金叉 (MA20=4.57 > MA80=4.42) | 动量 OK: RSI=71.4 (带 [33.5,75.2]) | 量能 OK: 量比=1.54 | M2结构OK: 收盘突破前20日最高收盘(含缓冲)",False,True
2025-12-08,1,02318,0.0,61.75,58.92177905095136,67.40644189809728,"趋势 OK: 2025-12-01 金叉 (MA20=58.34 > MA80=56.25) | 动量 OK: RSI=68.5 (带 [32.0,76.0]) | 量能 OK: 量比=2.15 | M2结构OK: 收盘突破前20日最高收盘(含缓冲)",False,True
2025-12-12,1,02628,0.0,28.3,26.35771750533531,32.18456498932938,"趋势 OK: 2025-12-05 金叉 (MA20=26.96 > MA80=24.47) | 动量 OK: RSI=60.5 (带 [32.0,76.0]) | 量能 OK: 量比=1.85 | M2结构OK: 收盘突破前20日最高收盘(含缓冲)",False,True
2025-12-15,1,02628,0.0,28.56,26.55645196923993,32.56709606152014,"趋势 OK: 2025-12-08 金叉 (MA20=27.04 > MA80=24.52) | 动量 OK: RSI=61.7 (带 [32.0,76.0]) | 量能 OK: 量比=1.50 | M2结构OK: 收盘突破前20日最高收盘(含缓冲)",True,False
2025-12-17,1,02628,0.0,28.56,26.355308075518103,32.969383848963794,"趋势 OK: 2025-12-10 金叉 (MA20=27.20 > MA80=24.61) | 动量 OK: RSI=59.3 (带 [32.0,76.0]) | 量能 OK: 量比=1.60 | M2结构OK: 收盘突破前20日最高收盘(含缓冲)",True,False
2025-12-18,1,00386,0.0,4.6,4.387428893071157,5.025142213857683,"趋势 OK: 2025-12-11 金叉 (MA20=4.44 > MA80=4.27) | 动量 OK: RSI=62.5 (带 [32.0,76.0]) | 量能 OK: 量比=2.29 | M2结构OK: 收盘突破前20日最高收盘(含缓冲)",False,True
2025-12-30,1,00386,0.0,4.68,4.4696688757362875,5.100662248527424,"趋势 OK: 2025-12-19 金叉 (MA20=4.48 > MA80=4.29) | 动量 OK: RSI=65.3 (带 [32.0,76.0]) | 量能 OK: 量比=1.98 | M2结构OK: 收盘突破前20日最高收盘(含缓冲)",True,False
2026-01-05,1,01519,0.0,11.0,10.204101274536017,12.591797450927967,"趋势 OK: 2025-12-24 金叉 (MA20=10.49 > MA80=10.00) | 动量 OK: RSI=63.7 (带 [32.0,76.0]) | 量能 OK: 量比=2.22 | M2结构OK: 收盘突破前20日最高收盘(含缓冲)",False,True
2026-01-06,1,00386,0.1414213562373095,4.7,4.474811348394006,5.1503773032119895,"趋势 OK: 2025-12-29 金叉 (MA20=4.51 > MA80=4.31) | 动量 OK: RSI=62.7 (带 [32.0,76.0]) | 量能 OK: 量比=1.89 | M2结构OK: 收盘突破前20日最高收盘(含缓冲)",True,False
2026-01-06,2,02057,-0.1414213562373095,171.4,162.81165728008307,188.57668543983385,"趋势 OK: 2025-12-29 金叉 (MA20=165.37 > MA80=153.21) | 动量 OK: RSI=64.3 (带 [32.0,76.0]) | 量能 OK: 量比=1.86 | M2结构OK: 收盘突破前20日最高收盘(含缓冲)",False,True
2026-01-07,1,00386,0.0,4.74,4.508039109223005,5.20392178155399,"趋势 OK: 2025-12-30 金叉 (MA20=4.53 > MA80=4.32) | 动量 OK: RSI=64.7 (带 [32.0,76.0]) | 量能 OK: 量比=2.39 | M2结构OK: 收盘突破前20日最高收盘(含缓冲)",True,False
2026-01-09,1,02057,0.0,171.8,162.6926425088712,190.01471498225766,"趋势 OK: 2026-01-02 金叉 (MA20=166.03 > MA80=153.99) | 动量 OK: RSI=63.2 (带 [32.0,76.0]) | 量能 OK: 量比=1.87 | M2结构OK: 收盘突破前20日最高收盘(含缓冲)",True,False
2026-01-14,1,02057,0.1414213562373095,172.0,163.05303775218295,189.89392449563414,"趋势 OK: 2026-01-07 金叉 (MA20=167.05 > MA80=154.83) | 动量 OK: RSI=62.9 (带 [32.0,76.0]) | 量能 OK: 量比=1.65 | M2结构OK: 收盘突破前20日最高收盘(含缓冲)",True,False
2026-01-14,2,00386,-0.1414213562373095,4.82,4.56384699266068,5.332306014678641,"趋势 OK: 2026-01-07 金叉 (MA20=4.60 > MA80=4.35) | 动量 OK: RSI=65.1 (带 [32.0,76.0]) | 量能 OK: 量比=1.84 | M2结构OK: 收盘突破前20日最高收盘(含缓冲)",True,False
2026-01-15,1,02057,0.1414213562373095,174.7,164.86353505559842,194.3729298888031,"趋势 OK: 2026-01-08 金叉 (MA20=167.62 > MA80=155.15) | 动量 OK: RSI=66.7 (带 [32.0,76.0]) | 量能 OK: 量比=2.02 | M2结构OK: 收盘突破前20日最高收盘(含缓冲)",True,False
2026-01-15,2,00883,-0.1414213562373095,22.2,21.11149646410462,24.37700707179076,"趋势 OK: 2026-01-08 金叉 (MA20=20.97 > MA80=20.53) | 动量 OK: RSI=63.4 (带 [32.0,76.0]) | 量能 OK: 量比=1.73 | M2结构OK: 收盘突破前20日最高收盘(含缓冲)",False,True
2026-01-22,1,00857,0.0,8.6,8.16484192404924,9.47031615190152,"趋势 OK: 2026-01-15 金叉 (MA20=8.25 > MA80=8.16) | 动量 OK: RSI=62.7 (带 [32.0,76.0]) | 量能 OK: 量比=1.64 | M2结构OK: 收盘突破前20日最高收盘(含缓冲)",False,True
2026-01-27,1,09987,0.0,388.4,374.1270860422819,416.94582791543615,"趋势 OK: 2026-01-20 金叉 (MA20=375.60 > MA80=361.47) | 动量 OK: RSI=62.3 (带 [32.7,75.7]) | 量能 OK: 量比=1.75 | M2结构OK: 收盘突破前20日最高收盘(含缓冲)",False,True
2026-01-28,1,01398,0.14142135623730953,6.59,6.33197305859099,7.106053882818018,"趋势 OK: 2026-01-21 金叉 (MA20=6.26 > MA80=6.18) | 动量 OK: RSI=67.7 (带 [32.2,75.9]) | 量能 OK: 量比=2.14 | M2结构OK: 收盘突破前20日最高收盘(含缓冲)",False,True
2026-01-28,2,00267,-0.14142135623730953,12.6,12.122774137291334,13.554451725417332,"趋势 OK: 2026-01-21 金叉 (MA20=12.15 > MA80=12.04) | 动量 OK: RSI=64.9 (带 [32.4,75.8]) | 量能 OK: 量比=1.59 | M2结构OK: 收盘突破前20日最高收盘(含缓冲)",False,True
2026-01-29,1,02318,0.1414213562373095,73.3,69.3072512995105,81.28549740097898,"趋势 OK: 2026-01-22 金叉 (MA20=69.30 > MA80=61.28) | 动量 OK: RSI=69.4 (带 [32.0,76.0]) | 量能 OK: 量比=1.71 | M2结构OK: 收盘突破前20日最高收盘(含缓冲)",False,True
2026-01-29,2,01398,-0.1414213562373095,6.64,6.377546411548777,7.164907176902445,"趋势 OK: 2026-01-22 金叉 (MA20=6.28 > MA80=6.19) | 动量 OK: RSI=69.4 (带 [32.1,76.0]) | 量能 OK: 量比=1.64 | M2结构OK: 收盘突破前20日最高收盘(含缓冲)",True,False
2026-02-05,1,02057,0.0,183.4,173.165933576192,203.868132847616,"趋势 OK: 2026-01-29 金叉 (MA20=173.21 > MA80=160.04) | 动量 OK: RSI=68.7 (带 [32.0,76.0]) | 量能 OK: 量比=2.09 | M2结构OK: 收盘突破前20日最高收盘(含缓冲)",True,False
